"barcode";"product_name";"rank";"current_price";"buybox_price";"second_price";"third_price";"min_price";"learned_price_cut";"learned_max_increase";"old_action";"old_proposed";"old_blockers";"old_reason";"new_action";"new_proposed";"new_blockers";"new_reason";"classification";"changed_rule"
"8695135745631";"Kabuklu Kavrulmuş Siirt Fıstığı Yerli Kaliteli Çitlek Kuruyemiş Büyük Boy Stok 4 Adet x 400 gr";"1";"2155.00";"2155.00";"2155.00";"2299.08";"193.25";"";"";"KORU";"2155";"[""PRODUCT_INACTIVE"",""PRODUCT_NOT_ON_SALE"",""OUT_OF_STOCK"",""COST_INCOMPLETE"",""BUYBOX_STALE"",""CHANGE_TOO_SMALL""]";"Fiyat korunuyor";"KORU";"2155";"[""PRODUCT_INACTIVE"",""PRODUCT_NOT_ON_SALE"",""OUT_OF_STOCK"",""COST_INCOMPLETE"",""BUYBOX_STALE""]";"Fiyat korunuyor";"BUYBOX_OWNED";"cts_removed_keep"
"TYBXOB5BDW96DB0084";"Şeker Ilavesiz Çikolata 100 Gr - 2 ADET";"1";"426.40";"426.40";"437.00";"529.90";"363.73";"";"";"FIYAT_ARTIR";"430.15";"[""PRODUCT_INACTIVE"",""PRODUCT_NOT_ON_SALE"",""OUT_OF_STOCK"",""BUYBOX_STALE"",""CHANGE_TOO_SMALL""]";"Buybox korunarak kontrollü kâr artışı yoklaması";"FIYAT_ARTIR";"430.15";"[""PRODUCT_INACTIVE"",""PRODUCT_NOT_ON_SALE"",""OUT_OF_STOCK"",""BUYBOX_STALE""]";"Buybox korunarak kontrollü kâr artışı yoklaması";"BUYBOX_OWNED";"cts_removed_profit_probe"
"8680108527954";"Bütün Bademli Sütlü Tablet Çikolata 5 Adet x 130g";"1";"1761.19";"1761.19";"1762.19";"1754.27";"909.65";"";"";"FIYAT_ARTIR";"1762.09";"[""PRODUCT_INACTIVE"",""PRODUCT_NOT_ON_SALE"",""OUT_OF_STOCK"",""BUYBOX_STALE"",""CHANGE_TOO_SMALL""]";"Buybox korunarak kontrollü kâr artışı yoklaması";"FIYAT_ARTIR";"1762.09";"[""PRODUCT_INACTIVE"",""PRODUCT_NOT_ON_SALE"",""OUT_OF_STOCK"",""BUYBOX_STALE""]";"Buybox korunarak kontrollü kâr artışı yoklaması";"BUYBOX_OWNED";"cts_removed_profit_probe"
"8680205826354";"Tam Fındıklı Sütlü Çikolata 10 Adet x 30g (%35 Fındık İçerikli)";"1";"998.90";"998.90";"999.90";"999.80";"753.82";"";"";"FIYAT_ARTIR";"999.8";"[""PRODUCT_INACTIVE"",""PRODUCT_NOT_ON_SALE"",""OUT_OF_STOCK"",""BUYBOX_STALE"",""CHANGE_TOO_SMALL""]";"Buybox korunarak kontrollü kâr artışı yoklaması";"FIYAT_ARTIR";"999.8";"[""PRODUCT_INACTIVE"",""PRODUCT_NOT_ON_SALE"",""OUT_OF_STOCK"",""BUYBOX_STALE""]";"Buybox korunarak kontrollü kâr artışı yoklaması";"BUYBOX_OWNED";"cts_removed_profit_probe"
"8681080245754";"Klasik Sütlü Tablet Çikolata 10 Adet x 80g";"1";"1144.21";"1144.21";"1145.21";"1151.51";"862.15";"";"";"FIYAT_ARTIR";"1145.11";"[""PRODUCT_INACTIVE"",""PRODUCT_NOT_ON_SALE"",""OUT_OF_STOCK"",""BUYBOX_STALE"",""CHANGE_TOO_SMALL""]";"Buybox korunarak kontrollü kâr artışı yoklaması";"FIYAT_ARTIR";"1145.11";"[""PRODUCT_INACTIVE"",""PRODUCT_NOT_ON_SALE"",""OUT_OF_STOCK"",""BUYBOX_STALE""]";"Buybox korunarak kontrollü kâr artışı yoklaması";"BUYBOX_OWNED";"cts_removed_profit_probe"
"8683335117954";"Bütün Bademli Sütlü Tablet Çikolata 10 Adet x 65g";"1";"1601.40";"1601.40";"1604.62";"1747.12";"999.06";"";"";"FIYAT_ARTIR";"1604.52";"[""PRODUCT_INACTIVE"",""PRODUCT_NOT_ON_SALE"",""OUT_OF_STOCK"",""BUYBOX_STALE"",""CHANGE_TOO_SMALL""]";"Buybox korunarak kontrollü kâr artışı yoklaması";"FIYAT_ARTIR";"1604.52";"[""PRODUCT_INACTIVE"",""PRODUCT_NOT_ON_SALE"",""OUT_OF_STOCK"",""BUYBOX_STALE""]";"Buybox korunarak kontrollü kâr artışı yoklaması";"BUYBOX_OWNED";"cts_removed_profit_probe"
"8683852746194";"Antep Fıstığı Kadayıflı Dubai Çikolata 4 Adet x 200gr";"1";"1551.32";"1551.32";"1552.32";"1547.49";"1411.70";"";"";"FIYAT_ARTIR";"1552.22";"[""PRODUCT_INACTIVE"",""PRODUCT_NOT_ON_SALE"",""OUT_OF_STOCK"",""BUYBOX_STALE"",""CHANGE_TOO_SMALL""]";"Buybox korunarak kontrollü kâr artışı yoklaması";"FIYAT_ARTIR";"1552.22";"[""PRODUCT_INACTIVE"",""PRODUCT_NOT_ON_SALE"",""OUT_OF_STOCK"",""BUYBOX_STALE""]";"Buybox korunarak kontrollü kâr artışı yoklaması";"BUYBOX_OWNED";"cts_removed_profit_probe"
"8685147692554";"Bütün Fındıklı Sütlü Tablet Çikolata 5 Adet x 130g";"1";"1052.01";"1052.01";"1053.01";"1059.63";"879.89";"";"";"FIYAT_ARTIR";"1052.91";"[""PRODUCT_INACTIVE"",""PRODUCT_NOT_ON_SALE"",""OUT_OF_STOCK"",""BUYBOX_STALE"",""CHANGE_TOO_SMALL""]";"Buybox korunarak kontrollü kâr artışı yoklaması";"FIYAT_ARTIR";"1052.91";"[""PRODUCT_INACTIVE"",""PRODUCT_NOT_ON_SALE"",""OUT_OF_STOCK"",""BUYBOX_STALE""]";"Buybox korunarak kontrollü kâr artışı yoklaması";"BUYBOX_OWNED";"cts_removed_profit_probe"
"8687020508040";"Bütün Antep Fıstıklı Sütlü Tablet Çikolata 5 Adet x 130g";"1";"1408.51";"1408.51";"1409.51";"1405.15";"1153.70";"";"";"FIYAT_ARTIR";"1409.41";"[""PRODUCT_INACTIVE"",""PRODUCT_NOT_ON_SALE"",""OUT_OF_STOCK"",""BUYBOX_STALE"",""CHANGE_TOO_SMALL""]";"Buybox korunarak kontrollü kâr artışı yoklaması";"FIYAT_ARTIR";"1409.41";"[""PRODUCT_INACTIVE"",""PRODUCT_NOT_ON_SALE"",""OUT_OF_STOCK"",""BUYBOX_STALE""]";"Buybox korunarak kontrollü kâr artışı yoklaması";"BUYBOX_OWNED";"cts_removed_profit_probe"
"8693571456827";"Dubai Çikolatası Kadayıf & Antep Fıstıklı Dolgulu 10 Adet X 90g";"1";"2052.43";"2052.43";"2053.43";"2042.04";"1719.30";"";"";"FIYAT_ARTIR";"2053.33";"[""PRODUCT_INACTIVE"",""PRODUCT_NOT_ON_SALE"",""OUT_OF_STOCK"",""BUYBOX_STALE"",""CHANGE_TOO_SMALL""]";"Buybox korunarak kontrollü kâr artışı yoklaması";"FIYAT_ARTIR";"2053.33";"[""PRODUCT_INACTIVE"",""PRODUCT_NOT_ON_SALE"",""OUT_OF_STOCK"",""BUYBOX_STALE""]";"Buybox korunarak kontrollü kâr artışı yoklaması";"BUYBOX_OWNED";"cts_removed_profit_probe"
"8695125696563";"Bütün Antep Fıstıklı&Sütlü Çikolata 65gr x 10 Paket";"1";"1275.20";"1275.20";"1275.20";"1330.00";"1272.87";"";"";"KORU";"1275.2";"[""PRODUCT_INACTIVE"",""PRODUCT_NOT_ON_SALE"",""OUT_OF_STOCK"",""BUYBOX_STALE"",""CHANGE_TOO_SMALL""]";"Fiyat korunuyor";"KORU";"1275.2";"[""PRODUCT_INACTIVE"",""PRODUCT_NOT_ON_SALE"",""OUT_OF_STOCK"",""BUYBOX_STALE""]";"Fiyat korunuyor";"BUYBOX_OWNED";"cts_removed_keep"
"8695448961236";"Bitter Tablet Çikolata 80gr x 10 Paket";"1";"1791.40";"1791.40";"1792.40";"1839.08";"897.87";"";"";"FIYAT_ARTIR";"1792.3";"[""PRODUCT_INACTIVE"",""PRODUCT_NOT_ON_SALE"",""OUT_OF_STOCK"",""BUYBOX_STALE"",""CHANGE_TOO_SMALL""]";"Buybox korunarak kontrollü kâr artışı yoklaması";"FIYAT_ARTIR";"1792.3";"[""PRODUCT_INACTIVE"",""PRODUCT_NOT_ON_SALE"",""OUT_OF_STOCK"",""BUYBOX_STALE""]";"Buybox korunarak kontrollü kâr artışı yoklaması";"BUYBOX_OWNED";"cts_removed_profit_probe"
"8695636269586";"Bütün Fındıklı Sütlü Çikolata 130gr x 10 Paket";"1";"1639.70";"1639.70";"1639.70";"";"1607.39";"";"";"KORU";"1639.7";"[""PRODUCT_INACTIVE"",""PRODUCT_NOT_ON_SALE"",""OUT_OF_STOCK"",""BUYBOX_STALE"",""CHANGE_TOO_SMALL""]";"Fiyat korunuyor";"KORU";"1639.7";"[""PRODUCT_INACTIVE"",""PRODUCT_NOT_ON_SALE"",""OUT_OF_STOCK"",""BUYBOX_STALE""]";"Fiyat korunuyor";"BUYBOX_OWNED";"cts_removed_keep"
"8695963236987";"Bütün Antep Fıstıklı&Sütlü Çikolata 65gr x 5 Paket";"1";"809.00";"809.00";"810.00";"808.01";"716.20";"";"";"FIYAT_ARTIR";"809.9";"[""PRODUCT_INACTIVE"",""PRODUCT_NOT_ON_SALE"",""OUT_OF_STOCK"",""BUYBOX_STALE"",""CHANGE_TOO_SMALL""]";"Buybox korunarak kontrollü kâr artışı yoklaması";"FIYAT_ARTIR";"809.9";"[""PRODUCT_INACTIVE"",""PRODUCT_NOT_ON_SALE"",""OUT_OF_STOCK"",""BUYBOX_STALE""]";"Buybox korunarak kontrollü kâr artışı yoklaması";"BUYBOX_OWNED";"cts_removed_profit_probe"
"3600523999287";"Kepeğe Karşı Etkili Mentollü Erkek Şampuanı 400ml X 4 Adet";"1";"1016.14";"1016.14";"1017.14";"1038.00";"694.48";"";"";"FIYAT_ARTIR";"1017.04";"[""PRODUCT_INACTIVE"",""PRODUCT_NOT_ON_SALE"",""OUT_OF_STOCK"",""BUYBOX_STALE"",""CHANGE_TOO_SMALL""]";"Buybox korunarak kontrollü kâr artışı yoklaması";"FIYAT_ARTIR";"1017.04";"[""PRODUCT_INACTIVE"",""PRODUCT_NOT_ON_SALE"",""OUT_OF_STOCK"",""BUYBOX_STALE""]";"Buybox korunarak kontrollü kâr artışı yoklaması";"BUYBOX_OWNED";"cts_removed_profit_probe"
"8695077153194";"Nemlendirici etkili yoğun kıvamlı duş jeli güneş ve deniz 500 ml X 4 Adet";"1";"947.00";"947.00";"950.00";"950.70";"773.49";"";"";"FIYAT_ARTIR";"949.9";"[""PRODUCT_INACTIVE"",""PRODUCT_NOT_ON_SALE"",""OUT_OF_STOCK"",""BUYBOX_STALE"",""CHANGE_TOO_SMALL""]";"Buybox korunarak kontrollü kâr artışı yoklaması";"FIYAT_ARTIR";"949.9";"[""PRODUCT_INACTIVE"",""PRODUCT_NOT_ON_SALE"",""OUT_OF_STOCK"",""BUYBOX_STALE""]";"Buybox korunarak kontrollü kâr artışı yoklaması";"BUYBOX_OWNED";"cts_removed_profit_probe"
"BGMDUS1";"Güneş Duş Jeli 500 ML x 2";"1";"617.67";"617.67";"620.44";"648.00";"489.54";"";"";"FIYAT_ARTIR";"620.34";"[""PRODUCT_INACTIVE"",""PRODUCT_NOT_ON_SALE"",""OUT_OF_STOCK"",""BUYBOX_STALE"",""CHANGE_TOO_SMALL""]";"Buybox korunarak kontrollü kâr artışı yoklaması";"FIYAT_ARTIR";"620.34";"[""PRODUCT_INACTIVE"",""PRODUCT_NOT_ON_SALE"",""OUT_OF_STOCK"",""BUYBOX_STALE""]";"Buybox korunarak kontrollü kâr artışı yoklaması";"BUYBOX_OWNED";"cts_removed_profit_probe"
"8695077153233";"Nemlendirici etkili yoğun kıvamlı duş jeli deniz 500 ml X 3 Adet";"1";"764.06";"764.06";"768.00";"900.00";"631.52";"";"";"FIYAT_ARTIR";"767.9";"[""PRODUCT_INACTIVE"",""PRODUCT_NOT_ON_SALE"",""OUT_OF_STOCK"",""BUYBOX_STALE"",""CHANGE_TOO_SMALL""]";"Buybox korunarak kontrollü kâr artışı yoklaması";"FIYAT_ARTIR";"767.9";"[""PRODUCT_INACTIVE"",""PRODUCT_NOT_ON_SALE"",""OUT_OF_STOCK"",""BUYBOX_STALE""]";"Buybox korunarak kontrollü kâr artışı yoklaması";"BUYBOX_OWNED";"cts_removed_profit_probe"
"124981875487555";"Ekstra Çamaşır Yumuşatıcı Konsantre 1,5 L Bahar Tazeliği 5 ADET";"1";"1216.86";"1216.86";"1221.50";"1251.64";"962.61";"";"";"FIYAT_ARTIR";"1216.96";"[""CHANGE_TOO_SMALL""]";"Buybox korunarak kontrollü kâr artışı yoklaması";"FIYAT_ARTIR";"1216.96";"[]";"Buybox korunarak kontrollü kâr artışı yoklaması";"BUYBOX_OWNED";"cts_removed_profit_probe"
"0103221408250";"3'lü Karma Set - Kış Mumo'su";"1";"1583.86";"1583.86";"1583.99";"1839.08";"1147.51";"";"";"FIYAT_ARTIR";"1583.89";"[""CHANGE_TOO_SMALL""]";"Buybox korunarak kontrollü kâr artışı yoklaması";"FIYAT_ARTIR";"1583.89";"[]";"Buybox korunarak kontrollü kâr artışı yoklaması";"BUYBOX_OWNED";"cts_removed_profit_probe"
"1257389485770";"Servis Peçete 100*32 Paket";"1";"778.92";"778.92";"799.00";"2013.00";"758.06";"";"";"FIYAT_ARTIR";"779.3";"[""CHANGE_TOO_SMALL""]";"Buybox korunarak kontrollü kâr artışı yoklaması";"FIYAT_ARTIR";"779.3";"[]";"Buybox korunarak kontrollü kâr artışı yoklaması";"BUYBOX_OWNED";"cts_removed_profit_probe"
"141526392842";"Islak Havlu 100 Adet - Alkol ve Paraben İçermez - Yumuşak Dokulu Aile Boyu";"1";"188.09";"188.09";"188.09";"193.00";"190.33";"";"";"MIN_FIYATA_TOPARLA";"190.33";"[""CHANGE_TOO_SMALL""]";"Minimum fiyata güvenli toparlama";"MIN_FIYATA_TOPARLA";"190.33";"[]";"Minimum fiyata güvenli toparlama";"BUYBOX_OWNED";"cts_removed_min_recovery"
"19001507523";"Karadeniz Çayı 500 Gr X 6 Adet";"1";"1033.75";"1033.75";"1999.99";"";"991.30";"";"";"FIYAT_ARTIR";"1038.65";"[""CHANGE_TOO_SMALL""]";"Buybox korunarak kontrollü kâr artışı yoklaması";"FIYAT_ARTIR";"1038.65";"[]";"Buybox korunarak kontrollü kâr artışı yoklaması";"BUYBOX_OWNED";"cts_removed_profit_probe"
"1921869";"Beyaz Yasemin Sıvı Sabun 500ml x 2 Adet";"1";"517.46";"517.46";"517.16";"551.08";"511.77";"";"";"KORU";"517.46";"[""CHANGE_TOO_SMALL""]";"Fiyat korunuyor";"KORU";"517.46";"[]";"Fiyat korunuyor";"BUYBOX_OWNED";"cts_removed_keep"
"245454549";"Guatemala Filtre Kahve 250 Gr.";"1";"470.56";"470.56";"476.11";"510.60";"462.08";"";"";"FIYAT_ARTIR";"474.31";"[""CHANGE_TOO_SMALL""]";"Buybox korunarak kontrollü kâr artışı yoklaması";"FIYAT_ARTIR";"474.31";"[]";"Buybox korunarak kontrollü kâr artışı yoklaması";"BUYBOX_OWNED";"cts_removed_profit_probe"
"31122025HKN0036";"Kavun&Elma Meyve Pestili 14 gx10 lu";"1";"395.36";"395.36";"395.36";"398.00";"387.07";"";"";"KORU";"395.36";"[""CHANGE_TOO_SMALL""]";"Fiyat korunuyor";"KORU";"395.36";"[]";"Fiyat korunuyor";"BUYBOX_OWNED";"cts_removed_keep"
"3564152569616155";"Efor Demlik Poşet Çay Jumbo Tiryaki 40gr 25 Li X 3 Adet";"1";"1201.14";"1201.14";"1332.30";"1349.00";"1150.27";"";"";"FIYAT_ARTIR";"1204.89";"[""CHANGE_TOO_SMALL""]";"Buybox korunarak kontrollü kâr artışı yoklaması";"FIYAT_ARTIR";"1204.89";"[]";"Buybox korunarak kontrollü kâr artışı yoklaması";"BUYBOX_OWNED";"cts_removed_profit_probe"
"326374254532";"Kadın Deodorant 4*150 ml Parfümlü Berg";"1";"613.10";"613.10";"635.58";"642.00";"590.78";"";"";"FIYAT_ARTIR";"616.85";"[""CHANGE_TOO_SMALL""]";"Buybox korunarak kontrollü kâr artışı yoklaması";"FIYAT_ARTIR";"616.85";"[]";"Buybox korunarak kontrollü kâr artışı yoklaması";"BUYBOX_OWNED";"cts_removed_profit_probe"
"31122025HKN0034";"Yaban Mersin&Havuç Meyve Pest.14gx10 lu";"1";"395.36";"395.36";"395.36";"398.00";"387.07";"";"";"KORU";"395.36";"[""CHANGE_TOO_SMALL""]";"Fiyat korunuyor";"KORU";"395.36";"[]";"Fiyat korunuyor";"BUYBOX_OWNED";"cts_removed_keep"
"31122025HKN0037";"Çilek Meyve Pestili 14 gx10 lu";"1";"395.05";"395.05";"395.00";"395.36";"387.07";"";"";"KORU";"395.05";"[""CHANGE_TOO_SMALL""]";"Fiyat korunuyor";"KORU";"395.05";"[]";"Fiyat korunuyor";"BUYBOX_OWNED";"cts_removed_keep"
"4005900309552";"Dudak Bakım Parlatıcı Lip Balm | Besleyici, Nemlendirici | Gliserin , E Vitamini ,Böğürtlen";"1";"317.39";"317.39";"330.03";"334.07";"272.44";"";"";"FIYAT_ARTIR";"317.77";"[""CHANGE_TOO_SMALL""]";"Buybox korunarak kontrollü kâr artışı yoklaması";"FIYAT_ARTIR";"317.77";"[]";"Buybox korunarak kontrollü kâr artışı yoklaması";"BUYBOX_OWNED";"cts_removed_profit_probe"
"4005900309553";"Dudak Bakım Kremi Parlatıcı Lip Balm SPF+30 | Nemlendirici 2 Adet";"1";"324.51";"324.51";"399.87";"407.99";"272.44";"";"";"FIYAT_ARTIR";"328.26";"[""CHANGE_TOO_SMALL""]";"Buybox korunarak kontrollü kâr artışı yoklaması";"FIYAT_ARTIR";"328.26";"[]";"Buybox korunarak kontrollü kâr artışı yoklaması";"BUYBOX_OWNED";"cts_removed_profit_probe"
"465649496346";"Glutensiz Proteinli Kırmızı Mercimek Makarnası Fusilli 3x240g";"1";"536.13";"536.13";"587.88";"";"461.15";"";"";"FIYAT_ARTIR";"541.12";"[""CHANGE_TOO_SMALL""]";"Buybox korunarak kontrollü kâr artışı yoklaması";"FIYAT_ARTIR";"541.12";"[]";"Buybox korunarak kontrollü kâr artışı yoklaması";"BUYBOX_OWNED";"cts_removed_profit_probe"
"5050136875127";"Gold & marine erkek edp parfüm 2 adet X 100ml";"1";"1267.68";"1267.68";"1268.68";"1280.79";"1267.32";"";"";"FIYAT_ARTIR";"1268.58";"[""CHANGE_TOO_SMALL""]";"Buybox korunarak kontrollü kâr artışı yoklaması";"FIYAT_ARTIR";"1268.58";"[]";"Buybox korunarak kontrollü kâr artışı yoklaması";"BUYBOX_OWNED";"cts_removed_profit_probe"
"5050136875133";"İmpact & Marine Erkek Edp Parfüm 50ml 100 ml";"1";"1263.27";"1263.27";"1263.27";"1348.63";"1087.07";"";"";"KORU";"1263.27";"[""CHANGE_TOO_SMALL""]";"Fiyat korunuyor";"KORU";"1263.27";"[]";"Fiyat korunuyor";"BUYBOX_OWNED";"cts_removed_keep"
"5050136875122";"Marine 100 ml Erkek Edp Parfüm (2 ADET)";"1";"1267.68";"1267.68";"1268.68";"1263.94";"1267.32";"";"";"FIYAT_ARTIR";"1268.58";"[""CHANGE_TOO_SMALL""]";"Buybox korunarak kontrollü kâr artışı yoklaması";"FIYAT_ARTIR";"1268.58";"[]";"Buybox korunarak kontrollü kâr artışı yoklaması";"BUYBOX_OWNED";"cts_removed_profit_probe"
"505013687534";"Dark & Impact Erkek Edp Parfüm 100ml 50 ml";"1";"1225.18";"1225.18";"1268.68";"1290.19";"1087.07";"";"";"FIYAT_ARTIR";"1229.9";"[""CHANGE_TOO_SMALL""]";"Buybox korunarak kontrollü kâr artışı yoklaması";"FIYAT_ARTIR";"1229.9";"[]";"Buybox korunarak kontrollü kâr artışı yoklaması";"BUYBOX_OWNED";"cts_removed_profit_probe"
"5655646436164";"Karanfil Ve Nane Yağlı Glutensiz Diş Macunu 3'lü";"1";"642.08";"642.08";"643.08";"";"631.52";"";"";"FIYAT_ARTIR";"642.98";"[""CHANGE_TOO_SMALL""]";"Buybox korunarak kontrollü kâr artışı yoklaması";"FIYAT_ARTIR";"642.98";"[]";"Buybox korunarak kontrollü kâr artışı yoklaması";"BUYBOX_OWNED";"cts_removed_profit_probe"
"5263747828182828";"Sıvı Beyaz Sabun 3’lü";"1";"485.00";"485.00";"500.40";"551.08";"446.33";"";"";"FIYAT_ARTIR";"489";"[""CHANGE_TOO_SMALL""]";"Buybox korunarak kontrollü kâr artışı yoklaması";"FIYAT_ARTIR";"489";"[]";"Buybox korunarak kontrollü kâr artışı yoklaması";"BUYBOX_OWNED";"cts_removed_profit_probe"
"528528268";"Filtre Kahve Set 250gr X 4 Adet";"1";"1261.16";"1261.16";"1287.08";"1276.53";"1253.65";"";"";"FIYAT_ARTIR";"1261.26";"[""CHANGE_TOO_SMALL""]";"Buybox korunarak kontrollü kâr artışı yoklaması";"FIYAT_ARTIR";"1261.26";"[]";"Buybox korunarak kontrollü kâr artışı yoklaması";"BUYBOX_OWNED";"cts_removed_profit_probe"
"546789809KHJKHJ6";"Bebek Bezi Vegan 4 Beden 8-18 kg Ekonomik Paket 132 Adet";"1";"1224.55";"1224.55";"1229.04";"1824.00";"922.71";"";"";"FIYAT_ARTIR";"1228.94";"[""CHANGE_TOO_SMALL""]";"Buybox korunarak kontrollü kâr artışı yoklaması";"FIYAT_ARTIR";"1228.94";"[]";"Buybox korunarak kontrollü kâr artışı yoklaması";"BUYBOX_OWNED";"cts_removed_profit_probe"
"5864586589";"Special Blend Filtre Kahve 250 Gr.";"1";"455.93";"455.93";"455.93";"473.80";"425.94";"";"";"KORU";"455.93";"[""CHANGE_TOO_SMALL""]";"Fiyat korunuyor";"KORU";"455.93";"[]";"Fiyat korunuyor";"BUYBOX_OWNED";"cts_removed_keep"
"5056369124461O";"Black Parfüm 50ml 3 Adet";"1";"899.99";"899.99";"";"";"748.80";"";"";"KORU";"899.99";"[""AUTO_UPDATE_DISABLED"",""CHANGE_TOO_SMALL""]";"Fiyat korunuyor";"KORU";"899.99";"[""AUTO_UPDATE_DISABLED""]";"Fiyat korunuyor";"SOLE_SELLER";"cts_removed_keep"
"5965613126";"Alkolsüz Ağız Bakım Suyu 290 ml";"1";"291.76";"291.76";"308.20";"320.49";"273.68";"";"";"FIYAT_ARTIR";"295.51";"[""CHANGE_TOO_SMALL""]";"Buybox korunarak kontrollü kâr artışı yoklaması";"FIYAT_ARTIR";"295.51";"[]";"Buybox korunarak kontrollü kâr artışı yoklaması";"BUYBOX_OWNED";"cts_removed_profit_probe"
"5901086065127";"Yaban Mersinli Kafeinsiz Karışık Meyve Çayı Blueberry Çayı 2 Paket x 20 Süzen Poşet";"1";"417.90";"417.90";"419.90";"494.01";"403.12";"";"";"FIYAT_ARTIR";"419.8";"[""CHANGE_TOO_SMALL""]";"Buybox korunarak kontrollü kâr artışı yoklaması";"FIYAT_ARTIR";"419.8";"[]";"Buybox korunarak kontrollü kâr artışı yoklaması";"BUYBOX_OWNED";"cts_removed_profit_probe"
"5901086065124";"Yaban Mersinli Kafeinsiz Karışık Meyve Çayı Blueberry Çayı 4 Paket x 20 Süzen Poşet";"1";"752.70";"752.70";"754.90";"752.62";"613.00";"";"";"FIYAT_ARTIR";"754.8";"[""CHANGE_TOO_SMALL""]";"Buybox korunarak kontrollü kâr artışı yoklaması";"FIYAT_ARTIR";"754.8";"[]";"Buybox korunarak kontrollü kâr artışı yoklaması";"BUYBOX_OWNED";"cts_removed_profit_probe"
"650546565668";"Bril Mutfak Temizleyivi 1000 ml 3 ADET";"1";"549.48";"549.48";"569.00";"684.54";"530.04";"";"";"FIYAT_ARTIR";"553.15";"[""CHANGE_TOO_SMALL""]";"Buybox korunarak kontrollü kâr artışı yoklaması";"FIYAT_ARTIR";"553.15";"[]";"Buybox korunarak kontrollü kâr artışı yoklaması";"BUYBOX_OWNED";"cts_removed_profit_probe"
"64564949789";"Glutensiz Proteinli Kırmızı Mercimek Makarnası Penne 3x240g";"1";"587.62";"587.62";"587.88";"";"461.15";"";"";"FIYAT_ARTIR";"587.78";"[""CHANGE_TOO_SMALL""]";"Buybox korunarak kontrollü kâr artışı yoklaması";"FIYAT_ARTIR";"587.78";"[]";"Buybox korunarak kontrollü kâr artışı yoklaması";"BUYBOX_OWNED";"cts_removed_profit_probe"
"6459789998";"Papaya Özlü Glutensiz Diş Macunu 2'li";"1";"479.58";"479.58";"483.00";"";"435.22";"";"";"FIYAT_ARTIR";"482.9";"[""CHANGE_TOO_SMALL""]";"Buybox korunarak kontrollü kâr artışı yoklaması";"FIYAT_ARTIR";"482.9";"[]";"Buybox korunarak kontrollü kâr artışı yoklaması";"BUYBOX_OWNED";"cts_removed_profit_probe"
"70401532";"Peçete 100'lü (32 PAKET X 100 YAPRAK)";"1";"859.00";"859.00";"864.00";"";"793.77";"";"";"FIYAT_ARTIR";"863.9";"[""CHANGE_TOO_SMALL""]";"Buybox korunarak kontrollü kâr artışı yoklaması";"FIYAT_ARTIR";"863.9";"[]";"Buybox korunarak kontrollü kâr artışı yoklaması";"BUYBOX_OWNED";"cts_removed_profit_probe"
"7262781998818888";"Dokulu Kumaş Peçete 24’lü Kırmızı";"1";"709.36";"709.36";"792.58";"";"663.96";"";"";"FIYAT_ARTIR";"713.4";"[""CHANGE_TOO_SMALL""]";"Buybox korunarak kontrollü kâr artışı yoklaması";"FIYAT_ARTIR";"713.4";"[]";"Buybox korunarak kontrollü kâr artışı yoklaması";"BUYBOX_OWNED";"cts_removed_profit_probe"
"76252620";"ObaÇay 1 kg Siyah Dökme Çay";"1";"529.89";"529.89";"529.99";"";"477.62";"";"";"KORU";"529.89";"[""CHANGE_TOO_SMALL""]";"Fiyat korunuyor";"KORU";"529.89";"[]";"Fiyat korunuyor";"BUYBOX_OWNED";"cts_removed_keep"
"8056487874";"THERAPY Avakado Duş Jeli 500ml 5 ADET";"1";"781.01";"781.01";"779.00";"";"626.68";"";"";"KORU";"781.01";"[""CHANGE_TOO_SMALL""]";"Fiyat korunuyor";"KORU";"781.01";"[]";"Fiyat korunuyor";"BUYBOX_OWNED";"cts_removed_keep"
"78858969665869";"Efor Demlik Poşet Çay Jumbo Tiryaki 40gr 25 Li X 5 Adet";"1";"1899.82";"1899.82";"1966.00";"";"1792.89";"";"";"FIYAT_ARTIR";"1900.31";"[""CHANGE_TOO_SMALL""]";"Buybox korunarak kontrollü kâr artışı yoklaması";"FIYAT_ARTIR";"1900.31";"[]";"Buybox korunarak kontrollü kâr artışı yoklaması";"BUYBOX_OWNED";"cts_removed_profit_probe"
"8076809500136";"Kalem Makarna Durum Buğdayı İrmiği %12 Protein Değerli Kesme 5 x 500 gr (2.5 KG)";"1";"392.50";"392.50";"393.50";"466.41";"390.04";"";"";"FIYAT_ARTIR";"393.4";"[""CHANGE_TOO_SMALL""]";"Buybox korunarak kontrollü kâr artışı yoklaması";"FIYAT_ARTIR";"393.4";"[]";"Buybox korunarak kontrollü kâr artışı yoklaması";"BUYBOX_OWNED";"cts_removed_profit_probe"
"8062311278585";"Organik Meyve Püresi Çilek Muz Elma 100 g x 6 Adet - İlave Şekersiz Bebek Ek Gıda";"1";"700.18";"700.18";"696.05";"702.98";"612.97";"";"";"KORU";"700.18";"[""CHANGE_TOO_SMALL""]";"Fiyat korunuyor";"KORU";"700.18";"[]";"Fiyat korunuyor";"BUYBOX_OWNED";"cts_removed_keep"
"780536373637";"DARK SPICE Okyanus Minarelleri Duş Jeli 500ml 5 ADET";"1";"781.01";"781.01";"781.01";"";"626.68";"";"";"KORU";"781.01";"[""CHANGE_TOO_SMALL""]";"Fiyat korunuyor";"KORU";"781.01";"[]";"Fiyat korunuyor";"BUYBOX_OWNED";"cts_removed_keep"
"800012193112";"Balkan sosu lütenitsa glutensiz ve vegan 4 adet X 300 gr";"1";"804.96";"804.96";"804.96";"845.48";"743.86";"";"";"KORU";"804.96";"[""CHANGE_TOO_SMALL""]";"Fiyat korunuyor";"KORU";"804.96";"[]";"Fiyat korunuyor";"BUYBOX_OWNED";"cts_removed_keep"
"8062322278585";"Organik Meyve Püresi Elma Havuç Şeftali 100 g x 6 Adet - Bebek Ek Gıda Ara Öğün";"1";"709.22";"709.22";"706.90";"713.94";"612.97";"";"";"KORU";"709.22";"[""CHANGE_TOO_SMALL""]";"Fiyat korunuyor";"KORU";"709.22";"[]";"Fiyat korunuyor";"BUYBOX_OWNED";"cts_removed_keep"
"8050136875133";"Şeker İlavesiz Çilek ve Karadut Reçeli Ekstra Geleneksel 2 Adet x 275 gr";"1";"563.85";"563.85";"567.46";"577.26";"548.80";"";"";"FIYAT_ARTIR";"567.36";"[""CHANGE_TOO_SMALL""]";"Buybox korunarak kontrollü kâr artışı yoklaması";"FIYAT_ARTIR";"567.36";"[]";"Buybox korunarak kontrollü kâr artışı yoklaması";"BUYBOX_OWNED";"cts_removed_profit_probe"
"8095077117182";"Rose kadın parfüm 50 ml 2 ADET";"1";"573.75";"573.75";"585.00";"650.00";"563.62";"";"";"FIYAT_ARTIR";"577.5";"[""CHANGE_TOO_SMALL""]";"Buybox korunarak kontrollü kâr artışı yoklaması";"FIYAT_ARTIR";"577.5";"[]";"Buybox korunarak kontrollü kâr artışı yoklaması";"BUYBOX_OWNED";"cts_removed_profit_probe"
"826564857248752154";"Mr.green 50li Lateks Pudralı Eldiven 4 Kutu 200 Adet M/l Beden";"1";"840.75";"840.75";"945.25";"977.54";"842.63";"";"";"MIN_FIYATA_TOPARLA";"842.63";"[""CHANGE_TOO_SMALL""]";"Minimum fiyata güvenli toparlama";"MIN_FIYATA_TOPARLA";"842.63";"[]";"Minimum fiyata güvenli toparlama";"BUYBOX_OWNED";"cts_removed_min_recovery"
"8665077036445";"Hipoalerjenik Konsantre Çamaşır Yumuşatıcı Çiçek Rüyası Ve Sensitive 1500 ml X 4 Adet";"1";"883.95";"883.95";"888.95";"999.00";"821.58";"";"";"FIYAT_ARTIR";"888.85";"[""CHANGE_TOO_SMALL""]";"Buybox korunarak kontrollü kâr artışı yoklaması";"FIYAT_ARTIR";"888.85";"[]";"Buybox korunarak kontrollü kâr artışı yoklaması";"BUYBOX_OWNED";"cts_removed_profit_probe"
"862884883717277";"Güneş Sıvı Sabun 3’lü";"1";"772.06";"772.06";"786.45";"827.08";"664.85";"";"";"FIYAT_ARTIR";"776.55";"[""CHANGE_TOO_SMALL""]";"Buybox korunarak kontrollü kâr artışı yoklaması";"FIYAT_ARTIR";"776.55";"[]";"Buybox korunarak kontrollü kâr artışı yoklaması";"BUYBOX_OWNED";"cts_removed_profit_probe"
"8675432355434566";"BLACK FOR MEN 50 ml X 2 AVANTAJLI PAKET";"1";"670.88";"670.88";"674.64";"";"563.62";"";"";"FIYAT_ARTIR";"674.54";"[""CHANGE_TOO_SMALL""]";"Buybox korunarak kontrollü kâr artışı yoklaması";"FIYAT_ARTIR";"674.54";"[]";"Buybox korunarak kontrollü kâr artışı yoklaması";"BUYBOX_OWNED";"cts_removed_profit_probe"
"860507711729";"Fresh Erkek Parfüm 50 Ml 2 ADET";"1";"628.49";"628.49";"650.00";"799.99";"563.62";"";"";"FIYAT_ARTIR";"632.24";"[""CHANGE_TOO_SMALL""]";"Buybox korunarak kontrollü kâr artışı yoklaması";"FIYAT_ARTIR";"632.24";"[]";"Buybox korunarak kontrollü kâr artışı yoklaması";"BUYBOX_OWNED";"cts_removed_profit_probe"
"8680256620119";"İri Pilavlık Bulgur 1 Kg";"1";"225.53";"225.53";"";"";"225.53";"";"";"KORU";"225.53";"[""CHANGE_TOO_SMALL""]";"Fiyat korunuyor";"KORU";"225.53";"[]";"Fiyat korunuyor";"SOLE_SELLER";"cts_removed_keep"
"86802556620515";"Osmancık Pirinç 1 Kg";"1";"274.91";"274.91";"";"";"274.91";"";"";"KORU";"274.91";"[""CHANGE_TOO_SMALL""]";"Fiyat korunuyor";"KORU";"274.91";"[]";"Fiyat korunuyor";"SOLE_SELLER";"cts_removed_keep"
"8680256620065";"Pilavlık Bulgur 1 Kg";"1";"230.47";"230.47";"";"";"230.47";"";"";"KORU";"230.47";"[""CHANGE_TOO_SMALL""]";"Fiyat korunuyor";"KORU";"230.47";"[]";"Fiyat korunuyor";"SOLE_SELLER";"cts_removed_keep"
"8680256620218";"Esmer Pilavlık Bulgur 1 Kg";"1";"225.53";"225.53";"";"";"225.53";"";"";"KORU";"225.53";"[""CHANGE_TOO_SMALL""]";"Fiyat korunuyor";"KORU";"225.53";"[]";"Fiyat korunuyor";"SOLE_SELLER";"cts_removed_keep"
"8680256620164";"Esmer Köftelik Bulgur 1 Kg";"1";"225.53";"225.53";"";"";"225.53";"";"";"KORU";"225.53";"[""CHANGE_TOO_SMALL""]";"Fiyat korunuyor";"KORU";"225.53";"[]";"Fiyat korunuyor";"SOLE_SELLER";"cts_removed_keep"
"8680256620652";"Lüx Baldo Pirinç 1 Kg";"1";"287.26";"287.26";"";"";"287.26";"";"";"KORU";"287.26";"[""CHANGE_TOO_SMALL""]";"Fiyat korunuyor";"KORU";"287.26";"[]";"Fiyat korunuyor";"SOLE_SELLER";"cts_removed_keep"
"8680256620010";"Köftelik Bulgur 1 Kg";"1";"225.53";"225.53";"";"";"225.53";"";"";"KORU";"225.53";"[""CHANGE_TOO_SMALL""]";"Fiyat korunuyor";"KORU";"225.53";"[]";"Fiyat korunuyor";"SOLE_SELLER";"cts_removed_keep"
"8680256622038";"Maraş Döğme 1 Kg";"1";"225.53";"225.53";"";"";"225.53";"";"";"KORU";"225.53";"[""CHANGE_TOO_SMALL""]";"Fiyat korunuyor";"KORU";"225.53";"[]";"Fiyat korunuyor";"SOLE_SELLER";"cts_removed_keep"
"8680256621270";"Futbol Mercimek – 3’lü Ekonomik Paket (3 x 1 kg)";"1";"401.89";"401.89";"";"";"401.89";"";"";"KORU";"401.89";"[""CHANGE_TOO_SMALL""]";"Fiyat korunuyor";"KORU";"401.89";"[]";"Fiyat korunuyor";"SOLE_SELLER";"cts_removed_keep"
"8680256621482";"Nohut 9mm 1 Kg";"1";"274.91";"274.91";"";"";"274.91";"";"";"KORU";"274.91";"[""CHANGE_TOO_SMALL""]";"Fiyat korunuyor";"KORU";"274.91";"[]";"Fiyat korunuyor";"SOLE_SELLER";"cts_removed_keep"
"8680256621480";"Nohut 9 mm – 3’lü Ekonomik Paket (3 x 1 kg)";"1";"464.85";"464.85";"";"";"464.85";"";"";"KORU";"464.85";"[""CHANGE_TOO_SMALL""]";"Fiyat korunuyor";"KORU";"464.85";"[]";"Fiyat korunuyor";"SOLE_SELLER";"cts_removed_keep"
"86802566622137";"Barbunya 1 Kg";"1";"308.25";"308.25";"";"";"308.25";"";"";"KORU";"308.25";"[""CHANGE_TOO_SMALL""]";"Fiyat korunuyor";"KORU";"308.25";"[]";"Fiyat korunuyor";"SOLE_SELLER";"cts_removed_keep"
"8680256621765";"Kuru Fasulye 8mm 1 Kg";"1";"272.44";"272.44";"";"";"272.44";"";"";"KORU";"272.44";"[""CHANGE_TOO_SMALL""]";"Fiyat korunuyor";"KORU";"272.44";"[]";"Fiyat korunuyor";"SOLE_SELLER";"cts_removed_keep"
"8680256621017";"Yeşil Mercimek 1 Kg";"1";"274.91";"274.91";"";"";"274.91";"";"";"KORU";"274.91";"[""CHANGE_TOO_SMALL""]";"Fiyat korunuyor";"KORU";"274.91";"[]";"Fiyat korunuyor";"SOLE_SELLER";"cts_removed_keep"
"8680256622212";"Döğme 1 Kg";"1";"225.53";"225.53";"";"";"225.53";"";"";"KORU";"225.53";"[""CHANGE_TOO_SMALL""]";"Fiyat korunuyor";"KORU";"225.53";"[]";"Fiyat korunuyor";"SOLE_SELLER";"cts_removed_keep"
"86813713823";"Limon Kolonyası 100 ml x 4 – Dörtlü Avantaj Paketi";"1";"587.08";"587.08";"597.08";"585.00";"413.00";"";"";"FIYAT_ARTIR";"590.83";"[""CHANGE_TOO_SMALL""]";"Buybox korunarak kontrollü kâr artışı yoklaması";"FIYAT_ARTIR";"590.83";"[]";"Buybox korunarak kontrollü kâr artışı yoklaması";"BUYBOX_OWNED";"cts_removed_profit_probe"
"86813713824";"Limon Kolonyası 80° 100 ml Sprey (3’lü Set)";"1";"459.00";"459.00";"469.00";"505.08";"357.44";"";"";"FIYAT_ARTIR";"463.9";"[""CHANGE_TOO_SMALL""]";"Buybox korunarak kontrollü kâr artışı yoklaması";"FIYAT_ARTIR";"463.9";"[]";"Buybox korunarak kontrollü kâr artışı yoklaması";"BUYBOX_OWNED";"cts_removed_profit_probe"
"868078250405713";"Peynirli Glutensiz Mısır Cipsi 150 G x 5 Adet - Fırınlanmış Peynir Aromalı Mısır Çerezi";"1";"895.20";"895.20";"890.90";"899.80";"451.89";"";"";"KORU";"895.2";"[""CHANGE_TOO_SMALL""]";"Fiyat korunuyor";"KORU";"895.2";"[]";"Fiyat korunuyor";"BUYBOX_OWNED";"cts_removed_keep"
"8681047851643";"Kurutulmuş Turna Yemişi Cranberry 4'lü Paket | İthal Enerji Deposu | 4 Adet X 150 gr";"1";"689.54";"689.54";"675.99";"683.01";"689.54";"";"";"KORU";"689.54";"[""CHANGE_TOO_SMALL""]";"Fiyat korunuyor";"KORU";"689.54";"[]";"Fiyat korunuyor";"BUYBOX_OWNED";"cts_removed_keep"
"8682224007420";"Kakaolu fındık kreması ve sütlü çikolata dolgulu mini kornet 75 gr X 4 Adet";"1";"543.85";"543.85";"548.85";"554.29";"532.75";"";"";"FIYAT_ARTIR";"548.75";"[""CHANGE_TOO_SMALL""]";"Buybox korunarak kontrollü kâr artışı yoklaması";"FIYAT_ARTIR";"548.75";"[]";"Buybox korunarak kontrollü kâr artışı yoklaması";"BUYBOX_OWNED";"cts_removed_profit_probe"
"8682224007438";"Çilekli çikolata dolgulu mini kornet 75gr X 4 Adet";"1";"544.96";"544.96";"549.96";"555.42";"513.00";"";"";"FIYAT_ARTIR";"545.86";"[""CHANGE_TOO_SMALL""]";"Buybox korunarak kontrollü kâr artışı yoklaması";"FIYAT_ARTIR";"545.86";"[]";"Buybox korunarak kontrollü kâr artışı yoklaması";"BUYBOX_OWNED";"cts_removed_profit_probe"
"8682530102496";"Yaban Mersinli Granola Glutensiz İlave Şekersiz 300 gr 2 Adet (Toplam 600 gr)";"1";"684.40";"684.40";"685.40";"685.54";"687.07";"";"";"MIN_FIYATA_TOPARLA";"687.07";"[""CHANGE_TOO_SMALL""]";"Minimum fiyata güvenli toparlama";"MIN_FIYATA_TOPARLA";"687.07";"[]";"Minimum fiyata güvenli toparlama";"BUYBOX_OWNED";"cts_removed_min_recovery"
"868380115177961";"Land Apple Kıss Kadın Parfüm 50 ML Edp";"1";"999.99";"999.99";"";"";"193.25";"";"";"KORU";"999.99";"[""COST_INCOMPLETE"",""AUTO_UPDATE_DISABLED"",""CHANGE_TOO_SMALL""]";"Fiyat korunuyor";"KORU";"999.99";"[""COST_INCOMPLETE"",""AUTO_UPDATE_DISABLED""]";"Fiyat korunuyor";"SOLE_SELLER";"cts_removed_keep"
"8683417120102";"Sütlü Fındık Kreması %50 Fındık Katkısız Glutensiz 350 Gr X 3 Adet";"1";"1116.02";"1116.02";"1109.48";"1118.84";"1026.58";"";"";"KORU";"1116.02";"[""CHANGE_TOO_SMALL""]";"Fiyat korunuyor";"KORU";"1116.02";"[]";"Fiyat korunuyor";"BUYBOX_OWNED";"cts_removed_keep"
"8683801152783";"Kiss Set 50 ml EDP Kadın + Lip Balm 15 ml 50 ml EDP Kadın + Lip Balm 15 ml";"1";"1598.99";"1598.99";"1598.99";"";"193.25";"";"";"KORU";"1598.99";"[""COST_INCOMPLETE"",""AUTO_UPDATE_DISABLED"",""CHANGE_TOO_SMALL""]";"Fiyat korunuyor";"KORU";"1598.99";"[""COST_INCOMPLETE"",""AUTO_UPDATE_DISABLED""]";"Fiyat korunuyor";"BUYBOX_OWNED";"cts_removed_keep"
"8683417000104";"Glutensiz Katkısız Kakaolu Fındık Kreması 4 Adet X 350 gr";"1";"1299.89";"1299.89";"1299.89";"1299.99";"1298.19";"";"";"KORU";"1299.89";"[""CHANGE_TOO_SMALL""]";"Fiyat korunuyor";"KORU";"1299.89";"[]";"Fiyat korunuyor";"BUYBOX_OWNED";"cts_removed_keep"
"8684992015147";"🌸 Baby Powder El Kremi (2’li Set) 75 ml x 2";"1";"357.30";"357.30";"357.30";"535.00";"289.54";"";"";"KORU";"357.3";"[""CHANGE_TOO_SMALL""]";"Fiyat korunuyor";"KORU";"357.3";"[]";"Fiyat korunuyor";"BUYBOX_OWNED";"cts_removed_keep"
"8684992013388";"🌿 Hassas Ciltler Vücut Losyonu 2’li Set 300 ml x 2";"1";"634.01";"634.01";"689.08";"767.58";"598.19";"";"";"FIYAT_ARTIR";"638.5";"[""CHANGE_TOO_SMALL""]";"Buybox korunarak kontrollü kâr artışı yoklaması";"FIYAT_ARTIR";"638.5";"[]";"Buybox korunarak kontrollü kâr artışı yoklaması";"BUYBOX_OWNED";"cts_removed_profit_probe"
"8684992058690";"Aseton Diskli Kapak 175 ml x 2 Adet";"1";"484.96";"484.96";"498.00";"488.00";"427.81";"";"";"FIYAT_ARTIR";"488.71";"[""CHANGE_TOO_SMALL""]";"Buybox korunarak kontrollü kâr artışı yoklaması";"FIYAT_ARTIR";"488.71";"[]";"Buybox korunarak kontrollü kâr artışı yoklaması";"BUYBOX_OWNED";"cts_removed_profit_probe"
"8690098587182";"Menekşe Konsantre Çamaşır Yumuşatıcısı 1500 ml x 2 Adet – 120 Yıkama";"1";"620.02";"620.02";"621.02";"699.00";"508.95";"";"";"FIYAT_ARTIR";"620.92";"[""CHANGE_TOO_SMALL""]";"Buybox korunarak kontrollü kâr artışı yoklaması";"FIYAT_ARTIR";"620.92";"[]";"Buybox korunarak kontrollü kâr artışı yoklaması";"BUYBOX_OWNED";"cts_removed_profit_probe"
"8690077117229";"Nıght kadın+ sport erkek parfüm 50ml 2li";"1";"639.99";"639.99";"650.00";"";"563.62";"";"";"FIYAT_ARTIR";"643.74";"[""CHANGE_TOO_SMALL""]";"Buybox korunarak kontrollü kâr artışı yoklaması";"FIYAT_ARTIR";"643.74";"[]";"Buybox korunarak kontrollü kâr artışı yoklaması";"BUYBOX_OWNED";"cts_removed_profit_probe"
"8685214796333";"Kavrulmuş İç Ayçekirdeği Yerli Yüksek Kalite Tuzlu Kuruyemiş Atıştırmalık 4 Adet x 100 gr";"1";"361.68";"361.68";"347.32";"363.59";"353.74";"";"";"KORU";"361.68";"[""CHANGE_TOO_SMALL""]";"Fiyat korunuyor";"KORU";"361.68";"[]";"Fiyat korunuyor";"BUYBOX_OWNED";"cts_removed_keep"
"8690024791536";"4'lü Bergamot Aromalı Siyah Çay Seti - 500 g x 4 Paket Özel Harman Dökme Çay 2 kg Stok Paketi";"1";"1694.31";"1694.31";"1699.00";"1781.90";"910.95";"";"";"FIYAT_ARTIR";"1698.9";"[""CHANGE_TOO_SMALL""]";"Buybox korunarak kontrollü kâr artışı yoklaması";"FIYAT_ARTIR";"1698.9";"[]";"Buybox korunarak kontrollü kâr artışı yoklaması";"BUYBOX_OWNED";"cts_removed_profit_probe"
"8690021496357";"Yerli Lüks Kabuksuz Kavrulmuş Karışık Kuruyemiş Çeşitleri 4 Adet X 150 gr";"1";"1034.89";"1034.89";"1138.88";"1139.99";"1005.59";"";"";"FIYAT_ARTIR";"1036.78";"[""CHANGE_TOO_SMALL""]";"Buybox korunarak kontrollü kâr artışı yoklaması";"FIYAT_ARTIR";"1036.78";"[]";"Buybox korunarak kontrollü kâr artışı yoklaması";"BUYBOX_OWNED";"cts_removed_profit_probe"
"8690000666987";"2 ADET Daycare Çocuk Islak Havlu 20+20=40 Yaprak";"1";"276.97";"276.97";"276.97";"298.00";"281.95";"";"";"MIN_FIYATA_TOPARLA";"281.95";"[""CHANGE_TOO_SMALL""]";"Minimum fiyata güvenli toparlama";"MIN_FIYATA_TOPARLA";"281.95";"[]";"Minimum fiyata güvenli toparlama";"BUYBOX_OWNED";"cts_removed_min_recovery"
"8686417000113";"Sütlü Fındık Kreması %50 Fındık Katkısız Glutensiz 350 Gr X 4 Adet";"1";"1352.81";"1352.81";"1356.45";"1364.87";"1298.19";"";"";"FIYAT_ARTIR";"1356.35";"[""CHANGE_TOO_SMALL""]";"Buybox korunarak kontrollü kâr artışı yoklaması";"FIYAT_ARTIR";"1356.35";"[]";"Buybox korunarak kontrollü kâr artışı yoklaması";"BUYBOX_OWNED";"cts_removed_profit_probe"
"8687591534867";"Kavrulmuş Badem İçi Premium Tuzlu Çıtır İthal Kuruyemiş Seti 4 Adet x 150 gr";"1";"794.11";"794.11";"795.11";"989.57";"743.86";"";"";"FIYAT_ARTIR";"794.27";"[""CHANGE_TOO_SMALL""]";"Buybox korunarak kontrollü kâr artışı yoklaması";"FIYAT_ARTIR";"794.27";"[]";"Buybox korunarak kontrollü kâr artışı yoklaması";"BUYBOX_OWNED";"cts_removed_profit_probe"
"8690143681030";"İthal Yüksek Kalite Taze Ceviz İçi 4 Adet X 400 gr Toplam (1.6 Kg)";"1";"1979.06";"1979.06";"1983.21";"3277.50";"1568.56";"";"";"FIYAT_ARTIR";"1983.11";"[""CHANGE_TOO_SMALL""]";"Buybox korunarak kontrollü kâr artışı yoklaması";"FIYAT_ARTIR";"1983.11";"[]";"Buybox korunarak kontrollü kâr artışı yoklaması";"BUYBOX_OWNED";"cts_removed_profit_probe"
"8690103423174";"Naturel Sızma Zeytinyağı 4 adet x 1000 ml";"1";"2404.31";"2404.31";"2398.59";"2407.18";"1913.92";"";"";"KORU";"2404.31";"[""CHANGE_TOO_SMALL""]";"Fiyat korunuyor";"KORU";"2404.31";"[]";"Fiyat korunuyor";"BUYBOX_OWNED";"cts_removed_keep"
"8690143752994";"Yerli Doğal Gün Kurusu Kayısı Yumuşak Taze 4 Adet X 300 gr";"1";"1289.90";"1289.90";"1290.00";"1290.00";"1227.81";"";"";"KORU";"1289.9";"[""CHANGE_TOO_SMALL""]";"Fiyat korunuyor";"KORU";"1289.9";"[]";"Fiyat korunuyor";"BUYBOX_OWNED";"cts_removed_keep"
"8690146325879";"4’lü Demlik Poşet Siyah Çay Seti - 48 Adet x 4 Kutu Yumuşak İçim Süzen Poşet Çay Stok Paketi";"1";"499.66";"499.66";"504.66";"509.66";"433.96";"";"";"FIYAT_ARTIR";"504.56";"[""CHANGE_TOO_SMALL""]";"Buybox korunarak kontrollü kâr artışı yoklaması";"FIYAT_ARTIR";"504.56";"[]";"Buybox korunarak kontrollü kâr artışı yoklaması";"BUYBOX_OWNED";"cts_removed_profit_probe"
"8690184726347";"Yerli Yüksek Protein Çiğ Karışık Kuruyemiş Fit Karışım 4 Adet X 150 gr";"1";"917.98";"917.98";"919.33";"928.52";"832.75";"";"";"FIYAT_ARTIR";"919.23";"[""CHANGE_TOO_SMALL""]";"Buybox korunarak kontrollü kâr artışı yoklaması";"FIYAT_ARTIR";"919.23";"[]";"Buybox korunarak kontrollü kâr artışı yoklaması";"BUYBOX_OWNED";"cts_removed_profit_probe"
"8690120741935";"4'lü Rize Çayı Seti - 1 kg x 4 Paket Geleneksel Dökme Siyah Çay 4 kg Büyük Boy Paket";"1";"2123.40";"2123.40";"2128.40";"2149.80";"1249.23";"";"";"FIYAT_ARTIR";"2128.3";"[""CHANGE_TOO_SMALL""]";"Buybox korunarak kontrollü kâr artışı yoklaması";"FIYAT_ARTIR";"2128.3";"[]";"Buybox korunarak kontrollü kâr artışı yoklaması";"BUYBOX_OWNED";"cts_removed_profit_probe"
"8690123411031";"Kavrulmuş Antep Fıstığı Yerli Üretim Tuzlu Leblebici Fıstık Kuruyemiş 4 Adet x 150 gr";"1";"1384.36";"1384.36";"1386.84";"1396.24";"1267.32";"";"";"FIYAT_ARTIR";"1386.74";"[""CHANGE_TOO_SMALL""]";"Buybox korunarak kontrollü kâr artışı yoklaması";"FIYAT_ARTIR";"1386.74";"[]";"Buybox korunarak kontrollü kâr artışı yoklaması";"BUYBOX_OWNED";"cts_removed_profit_probe"
"869019316034";"Creme Brulee Aromalı UHT Süt I Renklendiricisiz Lezzetli Pratik İçecek 6 Adet x 330 ml";"1";"663.20";"663.20";"673.20";"679.90";"575.22";"";"";"FIYAT_ARTIR";"668.1";"[""CHANGE_TOO_SMALL""]";"Buybox korunarak kontrollü kâr artışı yoklaması";"FIYAT_ARTIR";"668.1";"[]";"Buybox korunarak kontrollü kâr artışı yoklaması";"BUYBOX_OWNED";"cts_removed_profit_probe"
"8690257964153";"4'lü Filiz Çayı Seti - 1 kg x 4 Paket Özel Harman Dökme Siyah Çay 4 kg Büyük Boy Stok Paket";"1";"2241.31";"2241.31";"2246.31";"2268.90";"1313.60";"";"";"FIYAT_ARTIR";"2246.21";"[""CHANGE_TOO_SMALL""]";"Buybox korunarak kontrollü kâr artışı yoklaması";"FIYAT_ARTIR";"2246.21";"[]";"Buybox korunarak kontrollü kâr artışı yoklaması";"BUYBOX_OWNED";"cts_removed_profit_probe"
"8690300609221";"Espresso Kapsül Kahve 10’lu 55 g";"1";"395.78";"395.78";"389.99";"493.72";"384.98";"";"";"KORU";"395.78";"[""CHANGE_TOO_SMALL""]";"Fiyat korunuyor";"KORU";"395.78";"[]";"Fiyat korunuyor";"BUYBOX_OWNED";"cts_removed_keep"
"8690338901555";"Special Blend Çekirdek Kahve 500 g";"1";"908.32";"908.32";"909.32";"939.00";"650.04";"";"";"FIYAT_ARTIR";"909.22";"[""CHANGE_TOO_SMALL""]";"Buybox korunarak kontrollü kâr artışı yoklaması";"FIYAT_ARTIR";"909.22";"[]";"Buybox korunarak kontrollü kâr artışı yoklaması";"BUYBOX_OWNED";"cts_removed_profit_probe"
"8690305968733";"Guatemala Çekirdek Kahve 500 g";"1";"1030.93";"1030.93";"1033.80";"1055.00";"722.33";"";"";"FIYAT_ARTIR";"1033.7";"[""CHANGE_TOO_SMALL""]";"Buybox korunarak kontrollü kâr artışı yoklaması";"FIYAT_ARTIR";"1033.7";"[]";"Buybox korunarak kontrollü kâr artışı yoklaması";"BUYBOX_OWNED";"cts_removed_profit_probe"
"8690219375771";"100% Viscon Yüz Temizleme Havlusu 3'lü Set - Yıkanabilir Tekrar Kullanılabilir 3X50 Adet";"1";"776.93";"776.93";"777.46";"1045.00";"683.37";"";"";"FIYAT_ARTIR";"777.36";"[""CHANGE_TOO_SMALL""]";"Buybox korunarak kontrollü kâr artışı yoklaması";"FIYAT_ARTIR";"777.36";"[]";"Buybox korunarak kontrollü kâr artışı yoklaması";"BUYBOX_OWNED";"cts_removed_profit_probe"
"8690444765077";"Colombia Çekirdek Kahve 500 g";"1";"1029.40";"1029.40";"1033.80";"1055.00";"722.33";"";"";"FIYAT_ARTIR";"1033.7";"[""CHANGE_TOO_SMALL""]";"Buybox korunarak kontrollü kâr artışı yoklaması";"FIYAT_ARTIR";"1033.7";"[]";"Buybox korunarak kontrollü kâr artışı yoklaması";"BUYBOX_OWNED";"cts_removed_profit_probe"
"86904102579463";"Guatemala Çekirdek Kahve 500 G x 2 Adet - %100 Arabica Kavrulmuş Bütün Çekirdek Kahve";"1";"1260.36";"1260.36";"1287.08";"1349.99";"1258.47";"";"";"FIYAT_ARTIR";"1264.23";"[""CHANGE_TOO_SMALL""]";"Buybox korunarak kontrollü kâr artışı yoklaması";"FIYAT_ARTIR";"1264.23";"[]";"Buybox korunarak kontrollü kâr artışı yoklaması";"BUYBOX_OWNED";"cts_removed_profit_probe"
"8690410257913";"Espresso Kapsül Kahve 10'lu 55 G x 2 Adet - Nespresso Uyumlu %100 Arabica Yoğun Aroma";"1";"594.26";"594.26";"1033.56";"1044.99";"583.77";"";"";"FIYAT_ARTIR";"599.16";"[""CHANGE_TOO_SMALL""]";"Buybox korunarak kontrollü kâr artışı yoklaması";"FIYAT_ARTIR";"599.16";"[]";"Buybox korunarak kontrollü kâr artışı yoklaması";"BUYBOX_OWNED";"cts_removed_profit_probe"
"8690501059638";"Kavrulmuş Lüks Karışık Kuruyemiş 300 G x 2 Adet - Badem Kaju Antep Fıstıklı Taze Çerez";"1";"2189.63";"2189.63";"2189.99";"";"1166.09";"";"";"FIYAT_ARTIR";"2189.89";"[""CHANGE_TOO_SMALL""]";"Buybox korunarak kontrollü kâr artışı yoklaması";"FIYAT_ARTIR";"2189.89";"[]";"Buybox korunarak kontrollü kâr artışı yoklaması";"BUYBOX_OWNED";"cts_removed_profit_probe"
"8690501485276";"Şeker ilavesiz kakaolu Fındık Kreması 350 G x 2 Adet - Sürülebilir Çikolatalı Fındık Ezmesi";"1";"1194.31";"1194.31";"1195.08";"1206.41";"754.98";"";"";"FIYAT_ARTIR";"1194.98";"[""CHANGE_TOO_SMALL""]";"Buybox korunarak kontrollü kâr artışı yoklaması";"FIYAT_ARTIR";"1194.98";"[]";"Buybox korunarak kontrollü kâr artışı yoklaması";"BUYBOX_OWNED";"cts_removed_profit_probe"
"8690504204404";"Kakao Marıfet Toz 1 Kg";"1";"818.00";"818.00";"819.00";"818.00";"821.64";"";"";"MIN_FIYATA_TOPARLA";"821.64";"[""CHANGE_TOO_SMALL""]";"Minimum fiyata güvenli toparlama";"MIN_FIYATA_TOPARLA";"821.64";"[]";"Minimum fiyata güvenli toparlama";"BUYBOX_OWNED";"cts_removed_min_recovery"
"8690490611777";"Süt Reçeli 270 g x 3 Adet";"1";"570.67";"570.67";"574.32";"594.00";"501.52";"";"";"FIYAT_ARTIR";"574.22";"[""CHANGE_TOO_SMALL""]";"Buybox korunarak kontrollü kâr artışı yoklaması";"FIYAT_ARTIR";"574.22";"[]";"Buybox korunarak kontrollü kâr artışı yoklaması";"BUYBOX_OWNED";"cts_removed_profit_probe"
"86905014852357";"Colombia Filtre Kahve 250 G x 2 Adet - %100 Arabica Medium Roast Orta Kavrulmuş Öğütülmüş Kahve";"1";"904.73";"904.73";"899.90";"918.35";"737.99";"";"";"KORU";"904.73";"[""CHANGE_TOO_SMALL""]";"Fiyat korunuyor";"KORU";"904.73";"[]";"Fiyat korunuyor";"BUYBOX_OWNED";"cts_removed_keep"
"8690530033911";"Kolonya Seti Limon Bahar Yeşil Çay ve Aqua 4'lü";"1";"999.73";"999.73";"1003.33";"1030.84";"926.58";"";"";"FIYAT_ARTIR";"1003.23";"[""CHANGE_TOO_SMALL""]";"Buybox korunarak kontrollü kâr artışı yoklaması";"FIYAT_ARTIR";"1003.23";"[]";"Buybox korunarak kontrollü kâr artışı yoklaması";"BUYBOX_OWNED";"cts_removed_profit_probe"
"8690541856789";"Avakado Duş Jeli 750 ml";"1";"573.41";"573.41";"577.00";"";"395.72";"";"";"FIYAT_ARTIR";"576.9";"[""CHANGE_TOO_SMALL""]";"Buybox korunarak kontrollü kâr artışı yoklaması";"FIYAT_ARTIR";"576.9";"[]";"Buybox korunarak kontrollü kâr artışı yoklaması";"BUYBOX_OWNED";"cts_removed_profit_probe"
"8690555876211";"Çiçek Rüyası Konsantre Yumuşatıcı 1500 ml x 3 Adet";"1";"675.62";"675.62";"677.82";"827.08";"663.99";"";"";"FIYAT_ARTIR";"675.72";"[""CHANGE_TOO_SMALL""]";"Buybox korunarak kontrollü kâr artışı yoklaması";"FIYAT_ARTIR";"675.72";"[]";"Buybox korunarak kontrollü kâr artışı yoklaması";"BUYBOX_OWNED";"cts_removed_profit_probe"
"86905590312774";"Hazır Yemek Midyeli Basmati Pilav 240 gr x 4 Adet";"1";"1249.99";"1249.99";"";"";"193.25";"";"";"KORU";"1249.99";"[""COST_INCOMPLETE"",""AUTO_UPDATE_DISABLED"",""CHANGE_TOO_SMALL""]";"Fiyat korunuyor";"KORU";"1249.99";"[""COST_INCOMPLETE"",""AUTO_UPDATE_DISABLED""]";"Fiyat korunuyor";"SOLE_SELLER";"cts_removed_keep"
"8690530033915";"Limon kolonyası 4 Adet X 400ml";"1";"1415.40";"1415.40";"1435.40";"1449.80";"1124.11";"";"";"FIYAT_ARTIR";"1419.31";"[""CHANGE_TOO_SMALL""]";"Buybox korunarak kontrollü kâr artışı yoklaması";"FIYAT_ARTIR";"1419.31";"[]";"Buybox korunarak kontrollü kâr artışı yoklaması";"BUYBOX_OWNED";"cts_removed_profit_probe"
"8690567987050";"Organik Elma Sirkesi 500 ml – Fermente Doğal Elma Sirkesi";"1";"537.01";"537.01";"1133.35";"1199.99";"347.57";"";"";"FIYAT_ARTIR";"540.81";"[""CHANGE_TOO_SMALL""]";"Buybox korunarak kontrollü kâr artışı yoklaması";"FIYAT_ARTIR";"540.81";"[]";"Buybox korunarak kontrollü kâr artışı yoklaması";"BUYBOX_OWNED";"cts_removed_profit_probe"
"8690559031833";"Fit Bowl Hazır Yemek Tavuklu Basmati Pilav 220 gr";"1";"449.99";"449.99";"";"";"193.25";"";"";"KORU";"449.99";"[""COST_INCOMPLETE"",""AUTO_UPDATE_DISABLED"",""CHANGE_TOO_SMALL""]";"Fiyat korunuyor";"KORU";"449.99";"[""COST_INCOMPLETE"",""AUTO_UPDATE_DISABLED""]";"Fiyat korunuyor";"SOLE_SELLER";"cts_removed_keep"
"86905760204810";"Şeker İlavesiz! 4'lü Reçel Seti (Yaban Mersini, Vişne, Karadut, Çilek) - %65 Meyveli 4 x 275g";"1";"1191.95";"1191.95";"1195.71";"1205.01";"892.01";"";"";"FIYAT_ARTIR";"1195.61";"[""CHANGE_TOO_SMALL""]";"Buybox korunarak kontrollü kâr artışı yoklaması";"FIYAT_ARTIR";"1195.61";"[]";"Buybox korunarak kontrollü kâr artışı yoklaması";"BUYBOX_OWNED";"cts_removed_profit_probe"
"86905701473549";"Burgu Makarna Durum Buğdayı İrmiği %12 Protein Değerli Sade Kesme 5 x 500 gr (2.5 KG)";"1";"391.70";"391.70";"387.98";"391.80";"390.04";"";"";"KORU";"391.7";"[""CHANGE_TOO_SMALL""]";"Fiyat korunuyor";"KORU";"391.7";"[]";"Fiyat korunuyor";"BUYBOX_OWNED";"cts_removed_keep"
"86905590318404";"Fit Bowl Hazır Yemek Somonlu Basmati Pilav 220 gr x 4 Adet";"1";"1499.99";"1499.99";"";"";"193.25";"";"";"KORU";"1499.99";"[""COST_INCOMPLETE"",""AUTO_UPDATE_DISABLED"",""CHANGE_TOO_SMALL""]";"Fiyat korunuyor";"KORU";"1499.99";"[""COST_INCOMPLETE"",""AUTO_UPDATE_DISABLED""]";"Fiyat korunuyor";"SOLE_SELLER";"cts_removed_keep"
"8690637626868";"Mutfak Temizleyici Limon Kokulu Sprey 4 Adet X 750 ml";"1";"685.00";"685.00";"690.00";"686.07";"588.47";"";"";"FIYAT_ARTIR";"688.75";"[""CHANGE_TOO_SMALL""]";"Buybox korunarak kontrollü kâr artışı yoklaması";"FIYAT_ARTIR";"688.75";"[]";"Buybox korunarak kontrollü kâr artışı yoklaması";"BUYBOX_OWNED";"cts_removed_profit_probe"
"8690637943533";"Sprey soft deodorant for women 24 saat koruma 3 adet X 75 ml";"1";"637.80";"637.80";"633.80";"638.00";"557.44";"";"";"KORU";"637.8";"[""CHANGE_TOO_SMALL""]";"Fiyat korunuyor";"KORU";"637.8";"[]";"Fiyat korunuyor";"BUYBOX_OWNED";"cts_removed_keep"
"8690606555140";"Menekşe Konsantre Çamaşır Yumuşatıcısı 1500 ml x 3 Adet – 180 Yıkama";"1";"671.72";"671.72";"675.82";"798.00";"663.99";"";"";"FIYAT_ARTIR";"671.82";"[""CHANGE_TOO_SMALL""]";"Buybox korunarak kontrollü kâr artışı yoklaması";"FIYAT_ARTIR";"671.82";"[]";"Buybox korunarak kontrollü kâr artışı yoklaması";"BUYBOX_OWNED";"cts_removed_profit_probe"
"8690637981482";"Rush men erkek deodorant anti perspirant 4 adet X 250 ml";"1";"798.97";"798.97";"795.93";"1852.50";"595.72";"";"";"KORU";"798.97";"[""CHANGE_TOO_SMALL""]";"Fiyat korunuyor";"KORU";"798.97";"[]";"Fiyat korunuyor";"BUYBOX_OWNED";"cts_removed_keep"
"8690598434701";"Beyaz Sabun Kokulu Konsantre Yumuşatıcı 1500 ml x 3 Adet – Parfüm Kapsüllü 180 Yıkama";"1";"679.88";"679.88";"697.14";"827.08";"663.99";"";"";"FIYAT_ARTIR";"680";"[""CHANGE_TOO_SMALL""]";"Buybox korunarak kontrollü kâr artışı yoklaması";"FIYAT_ARTIR";"680";"[]";"Buybox korunarak kontrollü kâr artışı yoklaması";"BUYBOX_OWNED";"cts_removed_profit_probe"
"8690604811590";"Çocuk Diş Macunu Karpuz & Çilek 50 ml x 2 Adet (3+ Yaş)";"1";"396.08";"396.08";"409.73";"418.60";"392.91";"";"";"FIYAT_ARTIR";"396.18";"[""CHANGE_TOO_SMALL""]";"Buybox korunarak kontrollü kâr artışı yoklaması";"FIYAT_ARTIR";"396.18";"[]";"Buybox korunarak kontrollü kâr artışı yoklaması";"BUYBOX_OWNED";"cts_removed_profit_probe"
"8690637981484";"Force Men Erkek Deodorant Anti Perspirant 4 Adet X 250 ml";"1";"782.07";"782.07";"784.07";"";"595.72";"";"";"FIYAT_ARTIR";"782.97";"[""CHANGE_TOO_SMALL""]";"Buybox korunarak kontrollü kâr artışı yoklaması";"FIYAT_ARTIR";"782.97";"[]";"Buybox korunarak kontrollü kâr artışı yoklaması";"BUYBOX_OWNED";"cts_removed_profit_probe"
"8690690690000069";"ROOMSTAR Oda Kokusu Pudra Etkisi 300 Ml X 4 Adet + Dolap Çekmece Kokusu";"1";"792.61";"792.61";"793.89";"";"653.84";"";"";"FIYAT_ARTIR";"793.79";"[""CHANGE_TOO_SMALL""]";"Buybox korunarak kontrollü kâr artışı yoklaması";"FIYAT_ARTIR";"793.79";"[]";"Buybox korunarak kontrollü kâr artışı yoklaması";"BUYBOX_OWNED";"cts_removed_profit_probe"
"8690785214967";"Siyah Ay Çekirdeği Tuzlu Kavrulmuş Kilitli Paket 180 gr 4 Adet (Toplam 720 gr)";"1";"687.90";"687.90";"692.90";"699.80";"435.22";"";"";"FIYAT_ARTIR";"692.8";"[""CHANGE_TOO_SMALL""]";"Buybox korunarak kontrollü kâr artışı yoklaması";"FIYAT_ARTIR";"692.8";"[]";"Buybox korunarak kontrollü kâr artışı yoklaması";"BUYBOX_OWNED";"cts_removed_profit_probe"
"8690765987356";"Bahar Kolonyası 80° 200 ml x 3 Adet | Ferah Bahar Kokusu Cam Şişe Kolonya";"1";"861.88";"861.88";"863.15";"898.00";"711.77";"";"";"FIYAT_ARTIR";"863.05";"[""CHANGE_TOO_SMALL""]";"Buybox korunarak kontrollü kâr artışı yoklaması";"FIYAT_ARTIR";"863.05";"[]";"Buybox korunarak kontrollü kâr artışı yoklaması";"BUYBOX_OWNED";"cts_removed_profit_probe"
"8690710135874";"Hakkari Ham yayla çiçek balı 300 gr x 2 Adet";"1";"1249.99";"1249.99";"1249.99";"1485.00";"193.25";"";"";"KORU";"1249.99";"[""COST_INCOMPLETE"",""CHANGE_TOO_SMALL""]";"Fiyat korunuyor";"KORU";"1249.99";"[""COST_INCOMPLETE""]";"Fiyat korunuyor";"BUYBOX_OWNED";"cts_removed_keep"
"8690677098345";"Organik Elma Sirkesi Fermente 500 ml x 2 Adet";"1";"532.60";"532.60";"722.00";"778.00";"489.54";"";"";"FIYAT_ARTIR";"537.5";"[""CHANGE_TOO_SMALL""]";"Buybox korunarak kontrollü kâr artışı yoklaması";"FIYAT_ARTIR";"537.5";"[]";"Buybox korunarak kontrollü kâr artışı yoklaması";"BUYBOX_OWNED";"cts_removed_profit_probe"
"8690777453888";"Ballı Yer Fıstık Ezmesi 350 g (3’lü Paket)";"1";"1114.02";"1114.02";"1115.87";"1450.00";"763.62";"";"";"FIYAT_ARTIR";"1115.77";"[""CHANGE_TOO_SMALL""]";"Buybox korunarak kontrollü kâr artışı yoklaması";"FIYAT_ARTIR";"1115.77";"[]";"Buybox korunarak kontrollü kâr artışı yoklaması";"BUYBOX_OWNED";"cts_removed_profit_probe"
"8690654987311";"Mimoza Kolonyası 80° 200 ml x 3 Adet – Ferahlatıcı Mimoza Kokulu Kolonya Seti";"1";"820.44";"820.44";"819.00";"848.00";"690.78";"";"";"KORU";"820.44";"[""CHANGE_TOO_SMALL""]";"Fiyat korunuyor";"KORU";"820.44";"[]";"Fiyat korunuyor";"BUYBOX_OWNED";"cts_removed_keep"
"8690787201976";"Siyah Ay Çekirdeği Tuzsuz Kavrulmuş Kilitli Paket 180 gr 4 Adet (Toplam 720 gr)";"1";"686.25";"686.25";"683.00";"689.80";"435.22";"";"";"KORU";"686.25";"[""CHANGE_TOO_SMALL""]";"Fiyat korunuyor";"KORU";"686.25";"[]";"Fiyat korunuyor";"BUYBOX_OWNED";"cts_removed_keep"
"8690870555098";"Special Blend Filtre Kahve 250 g";"1";"498.21";"498.21";"652.58";"676.00";"425.94";"";"";"FIYAT_ARTIR";"498.31";"[""CHANGE_TOO_SMALL""]";"Buybox korunarak kontrollü kâr artışı yoklaması";"FIYAT_ARTIR";"498.31";"[]";"Buybox korunarak kontrollü kâr artışı yoklaması";"BUYBOX_OWNED";"cts_removed_profit_probe"
"8691027456851";"İthal Taze Hudri Hurma Yumuşak Etli Doğal 4 Adet X 300 gr";"1";"1431.73";"1431.73";"1498.68";"1503.05";"1143.86";"";"";"FIYAT_ARTIR";"1436.22";"[""CHANGE_TOO_SMALL""]";"Buybox korunarak kontrollü kâr artışı yoklaması";"FIYAT_ARTIR";"1436.22";"[]";"Buybox korunarak kontrollü kâr artışı yoklaması";"BUYBOX_OWNED";"cts_removed_profit_probe"
"8690808489011";"Lungo Kapsül Kahve 10’lu 55 g";"1";"493.72";"493.72";"493.72";"505.08";"384.98";"";"";"KORU";"493.72";"[""CHANGE_TOO_SMALL""]";"Fiyat korunuyor";"KORU";"493.72";"[]";"Fiyat korunuyor";"BUYBOX_OWNED";"cts_removed_keep"
"8690787631032";"Kavrulmuş Kabuklu Kaju 100 gr x 4 Adet";"1";"774.45";"774.45";"784.45";"792.27";"694.48";"";"";"FIYAT_ARTIR";"775.35";"[""CHANGE_TOO_SMALL""]";"Buybox korunarak kontrollü kâr artışı yoklaması";"FIYAT_ARTIR";"775.35";"[]";"Buybox korunarak kontrollü kâr artışı yoklaması";"BUYBOX_OWNED";"cts_removed_profit_probe"
"8691205874963";"Güneşte Kurutulmuş Domates Doğal Katkısız 280 gr 4 Adet Kavanoz (Süzme 160 gr x 4)";"1";"674.88";"674.88";"679.88";"679.73";"575.96";"";"";"FIYAT_ARTIR";"679.78";"[""CHANGE_TOO_SMALL""]";"Buybox korunarak kontrollü kâr artışı yoklaması";"FIYAT_ARTIR";"679.78";"[]";"Buybox korunarak kontrollü kâr artışı yoklaması";"BUYBOX_OWNED";"cts_removed_profit_probe"
"8690921433829";"Pratik Filtre Kahve 8 g x 5 Adet – Tek Kullanımlık Filtre Kahve";"1";"311.82";"311.82";"321.08";"329.66";"244.67";"";"";"FIYAT_ARTIR";"315.57";"[""CHANGE_TOO_SMALL""]";"Buybox korunarak kontrollü kâr artışı yoklaması";"FIYAT_ARTIR";"315.57";"[]";"Buybox korunarak kontrollü kâr artışı yoklaması";"BUYBOX_OWNED";"cts_removed_profit_probe"
"8691226648499";"Kiraz Çiçeği Kolonya 100 ml x3 – Üçlü Avantaj Paketi";"1";"419.99";"419.99";"420.93";"445.00";"357.44";"";"";"FIYAT_ARTIR";"420.09";"[""CHANGE_TOO_SMALL""]";"Buybox korunarak kontrollü kâr artışı yoklaması";"FIYAT_ARTIR";"420.09";"[]";"Buybox korunarak kontrollü kâr artışı yoklaması";"BUYBOX_OWNED";"cts_removed_profit_probe"
"8691226658875";"Kiraz Çiçeği Kolonya 100 ml x3 – Üçlü Avantaj Paketi";"1";"422.54";"422.54";"423.54";"448.00";"357.44";"";"";"FIYAT_ARTIR";"423.08";"[""CHANGE_TOO_SMALL""]";"Buybox korunarak kontrollü kâr artışı yoklaması";"FIYAT_ARTIR";"423.08";"[]";"Buybox korunarak kontrollü kâr artışı yoklaması";"BUYBOX_OWNED";"cts_removed_profit_probe"
"8691530010514";"Öğütülmüş sarımsak 60 gr X 4 Adet";"1";"683.28";"683.28";"698.28";"696.21";"647.57";"";"";"FIYAT_ARTIR";"688.18";"[""CHANGE_TOO_SMALL""]";"Buybox korunarak kontrollü kâr artışı yoklaması";"FIYAT_ARTIR";"688.18";"[]";"Buybox korunarak kontrollü kâr artışı yoklaması";"BUYBOX_OWNED";"cts_removed_profit_probe"
"8691597538030";"Yüksek Kalite İthal Jumbo Taze Ceviz İçi 4 Adet X 150 gr";"1";"834.31";"834.31";"836.31";"844.66";"748.80";"";"";"FIYAT_ARTIR";"836.21";"[""CHANGE_TOO_SMALL""]";"Buybox korunarak kontrollü kâr artışı yoklaması";"FIYAT_ARTIR";"836.21";"[]";"Buybox korunarak kontrollü kâr artışı yoklaması";"BUYBOX_OWNED";"cts_removed_profit_probe"
"8691543568981";"Kremalı Bisküvi Sade Sandviç Bisküvi 4 ADET x 375 GR";"1";"451.71";"451.71";"448.18";"529.62";"443.37";"";"";"KORU";"451.71";"[""CHANGE_TOO_SMALL""]";"Fiyat korunuyor";"KORU";"451.71";"[]";"Fiyat korunuyor";"BUYBOX_OWNED";"cts_removed_keep"
"8691573102485";"Şeker İlavesiz Karışık Meyve Reçeli 275 G x 2 Adet - %65 Meyve Oranlı Kayısı Şeftali Ayva Karışımı";"1";"631.20";"631.20";"676.20";"685.00";"548.80";"";"";"FIYAT_ARTIR";"636.1";"[""CHANGE_TOO_SMALL""]";"Buybox korunarak kontrollü kâr artışı yoklaması";"FIYAT_ARTIR";"636.1";"[]";"Buybox korunarak kontrollü kâr artışı yoklaması";"BUYBOX_OWNED";"cts_removed_profit_probe"
"8691597852413";"Klasik Petit Beurre Bisküvi 5'li Paket 1000g x 4 ADET - 4 KG Toplam";"1";"894.90";"894.90";"890.90";"1092.50";"645.47";"";"";"KORU";"894.9";"[""CHANGE_TOO_SMALL""]";"Fiyat korunuyor";"KORU";"894.9";"[]";"Fiyat korunuyor";"BUYBOX_OWNED";"cts_removed_keep"
"869126548758";"Vücut Spreyi 200 Ml 3 Lü Chic Lady";"1";"837.44";"837.44";"841.80";"850.04";"757.44";"";"";"FIYAT_ARTIR";"841.7";"[""CHANGE_TOO_SMALL""]";"Buybox korunarak kontrollü kâr artışı yoklaması";"FIYAT_ARTIR";"841.7";"[]";"Buybox korunarak kontrollü kâr artışı yoklaması";"BUYBOX_OWNED";"cts_removed_profit_probe"
"8691344072673";"Lasting Curl Saç Köpüğü Belirgin Dolgun Ve Kalıcı Bukleler 3 Adet X 200 ml";"1";"760.11";"760.11";"765.11";"772.74";"742.63";"";"";"FIYAT_ARTIR";"761.01";"[""CHANGE_TOO_SMALL""]";"Buybox korunarak kontrollü kâr artışı yoklaması";"FIYAT_ARTIR";"761.01";"[]";"Buybox korunarak kontrollü kâr artışı yoklaması";"BUYBOX_OWNED";"cts_removed_profit_probe"
"8693737378910299";"Colombia Çekirdek Kahve 500 gr";"1";"759.40";"759.40";"759.40";"799.48";"722.33";"";"";"KORU";"759.4";"[""CHANGE_TOO_SMALL""]";"Fiyat korunuyor";"KORU";"759.4";"[]";"Fiyat korunuyor";"BUYBOX_OWNED";"cts_removed_keep"
"8693234333962";"Soya Sosu Cam Şişe 250ml X 4 Adet";"1";"645.84";"645.84";"650.84";"657.31";"576.70";"";"";"FIYAT_ARTIR";"650.74";"[""CHANGE_TOO_SMALL""]";"Buybox korunarak kontrollü kâr artışı yoklaması";"FIYAT_ARTIR";"650.74";"[]";"Buybox korunarak kontrollü kâr artışı yoklaması";"BUYBOX_OWNED";"cts_removed_profit_probe"
"8695000711033";"Diamond Kadın Parfüm EDP 100 ML";"1";"947.00";"947.00";"949.00";"989.00";"730.28";"";"";"FIYAT_ARTIR";"948.9";"[""CHANGE_TOO_SMALL""]";"Buybox korunarak kontrollü kâr artışı yoklaması";"FIYAT_ARTIR";"948.9";"[]";"Buybox korunarak kontrollü kâr artışı yoklaması";"BUYBOX_OWNED";"cts_removed_profit_probe"
"8695000666099";"Ananas Sirkesi 500 ml x 3 Adet – Doğal Fermantasyon";"1";"931.60";"931.60";"1333.08";"1542.64";"742.63";"";"";"FIYAT_ARTIR";"936.28";"[""CHANGE_TOO_SMALL""]";"Buybox korunarak kontrollü kâr artışı yoklaması";"FIYAT_ARTIR";"936.28";"[]";"Buybox korunarak kontrollü kâr artışı yoklaması";"BUYBOX_OWNED";"cts_removed_profit_probe"
"8693474259101";"Peynir Dolgulu Kiraz Biberi Kuzey Makedonya Gurme Meze Kahvaltılık Acı Tatlı 4x330g Set";"1";"1555.00";"1555.00";"1557.38";"1555.00";"193.25";"";"";"FIYAT_ARTIR";"1557.28";"[""COST_INCOMPLETE"",""CHANGE_TOO_SMALL""]";"Buybox korunarak kontrollü kâr artışı yoklaması";"FIYAT_ARTIR";"1557.28";"[""COST_INCOMPLETE""]";"Buybox korunarak kontrollü kâr artışı yoklaması";"BUYBOX_OWNED";"cts_removed_profit_probe"
"8695000711088";"Ananas Sirkesi 500 ml – Doğal Fermantasyon";"1";"674.16";"674.16";"677.22";"699.00";"384.60";"";"";"FIYAT_ARTIR";"677.12";"[""CHANGE_TOO_SMALL""]";"Buybox korunarak kontrollü kâr artışı yoklaması";"FIYAT_ARTIR";"677.12";"[]";"Buybox korunarak kontrollü kâr artışı yoklaması";"BUYBOX_OWNED";"cts_removed_profit_probe"
"8694748600314";"Tuzu Azaltılmış Soya Sosu Cam Şişe 250ml X 4 Adet";"1";"634.57";"634.57";"644.57";"650.98";"576.70";"";"";"FIYAT_ARTIR";"637.85";"[""CHANGE_TOO_SMALL""]";"Buybox korunarak kontrollü kâr artışı yoklaması";"FIYAT_ARTIR";"637.85";"[]";"Buybox korunarak kontrollü kâr artışı yoklaması";"BUYBOX_OWNED";"cts_removed_profit_probe"
"8695000888378";"Marine Erkek Parfüm EDP 100 ml x 2 Adet";"1";"1834.11";"1834.11";"1839.08";"1899.99";"1267.32";"";"";"FIYAT_ARTIR";"1838.98";"[""CHANGE_TOO_SMALL""]";"Buybox korunarak kontrollü kâr artışı yoklaması";"FIYAT_ARTIR";"1838.98";"[]";"Buybox korunarak kontrollü kâr artışı yoklaması";"BUYBOX_OWNED";"cts_removed_profit_probe"
"8695023654879";"Lavanta Kokulu Oda Kokusu Bambu Lavanta 100 ml X 3 Adet";"1";"1097.86";"1097.86";"1091.83";"1425.00";"913.33";"";"";"KORU";"1097.86";"[""CHANGE_TOO_SMALL""]";"Fiyat korunuyor";"KORU";"1097.86";"[]";"Fiyat korunuyor";"BUYBOX_OWNED";"cts_removed_keep"
"86950007117OO9";"Sensitive Islak Bebek Havlusu 60x3 2 Adet-3 lü Paket";"1";"415.00";"415.00";"425.00";"";"412.24";"";"";"FIYAT_ARTIR";"418.75";"[""CHANGE_TOO_SMALL""]";"Buybox korunarak kontrollü kâr artışı yoklaması";"FIYAT_ARTIR";"418.75";"[]";"Buybox korunarak kontrollü kâr artışı yoklaması";"BUYBOX_OWNED";"cts_removed_profit_probe"
"8695025858581";"Sıvı Çamaşır Deterjanı Beyazlar Için 1500 ml X 2 Adet";"1";"561.83";"561.83";"566.83";"571.83";"519.56";"";"";"FIYAT_ARTIR";"566.73";"[""CHANGE_TOO_SMALL""]";"Buybox korunarak kontrollü kâr artışı yoklaması";"FIYAT_ARTIR";"566.73";"[]";"Buybox korunarak kontrollü kâr artışı yoklaması";"BUYBOX_OWNED";"cts_removed_profit_probe"
"86950258785485";"Vücut Spreyi 200 Ml X 4 LÜ CHEERFUL LİFE";"1";"1237.28";"1237.28";"1296.28";"1312.42";"941.40";"";"";"FIYAT_ARTIR";"1241.77";"[""CHANGE_TOO_SMALL""]";"Buybox korunarak kontrollü kâr artışı yoklaması";"FIYAT_ARTIR";"1241.77";"[]";"Buybox korunarak kontrollü kâr artışı yoklaması";"BUYBOX_OWNED";"cts_removed_profit_probe"
"869502565848";"ODA KOKUSU BAMBU ÇUBUKLU 100 ML 2 Lİ PAKET LAVANTA ACTİSOFT";"1";"674.75";"674.75";"669.00";"781.08";"679.15";"";"";"MIN_FIYATA_TOPARLA";"679.15";"[""CHANGE_TOO_SMALL""]";"Minimum fiyata güvenli toparlama";"MIN_FIYATA_TOPARLA";"679.15";"[]";"Minimum fiyata güvenli toparlama";"BUYBOX_OWNED";"cts_removed_min_recovery"
"8695025878586";"Vücut Spreyi 200 ml X 4 Adet White Glow";"1";"1003.57";"1003.57";"1008.21";"1193.57";"941.40";"";"";"FIYAT_ARTIR";"1008.11";"[""CHANGE_TOO_SMALL""]";"Buybox korunarak kontrollü kâr artışı yoklaması";"FIYAT_ARTIR";"1008.11";"[]";"Buybox korunarak kontrollü kâr artışı yoklaması";"BUYBOX_OWNED";"cts_removed_profit_probe"
"8695026587958";"VÜCUT SIR AGDA BANDI DAYCARE 20 Lİ PAKET X 5 ADET";"1";"879.07";"879.07";"879.07";"919.08";"754.98";"";"";"KORU";"879.07";"[""CHANGE_TOO_SMALL""]";"Fiyat korunuyor";"KORU";"879.07";"[]";"Fiyat korunuyor";"BUYBOX_OWNED";"cts_removed_keep"
"86950770121350";"Pudralı Lateks Eldiven Mr.green 200 Adet S/m Beden";"1";"970.73";"970.73";"971.21";"1209.00";"842.63";"";"";"FIYAT_ARTIR";"971.11";"[""CHANGE_TOO_SMALL""]";"Buybox korunarak kontrollü kâr artışı yoklaması";"FIYAT_ARTIR";"971.11";"[]";"Buybox korunarak kontrollü kâr artışı yoklaması";"BUYBOX_OWNED";"cts_removed_profit_probe"
"8695077011359";"Pudralı Lateks Eldiven Mr.green 100 Adet";"1";"523.69";"523.69";"524.69";"574.90";"524.11";"";"";"MIN_FIYATA_TOPARLA";"524.11";"[""CHANGE_TOO_SMALL""]";"Minimum fiyata güvenli toparlama";"MIN_FIYATA_TOPARLA";"524.11";"[]";"Minimum fiyata güvenli toparlama";"BUYBOX_OWNED";"cts_removed_min_recovery"
"86950723548796";"Parfüm 50 ml Edp Charm";"1";"607.92";"607.92";"607.96";"617.76";"550.04";"";"";"KORU";"607.92";"[""CHANGE_TOO_SMALL""]";"Fiyat korunuyor";"KORU";"607.92";"[]";"Fiyat korunuyor";"BUYBOX_OWNED";"cts_removed_keep"
"869505878585888";"BERGAMOT AROMALI ÇAY 500 GR X3 ADET (1,5 KG )";"1";"748.39";"748.39";"881.09";"869.74";"679.92";"";"";"FIYAT_ARTIR";"752.14";"[""CHANGE_TOO_SMALL""]";"Buybox korunarak kontrollü kâr artışı yoklaması";"FIYAT_ARTIR";"752.14";"[]";"Buybox korunarak kontrollü kâr artışı yoklaması";"BUYBOX_OWNED";"cts_removed_profit_probe"
"8695077036404";"Hipoalerjenik Sensitive Konsantre Çamaşır Yumuşatıcı 1500 ml X 4 Adet";"1";"835.14";"835.14";"845.14";"862.49";"821.58";"";"";"FIYAT_ARTIR";"840.04";"[""CHANGE_TOO_SMALL""]";"Buybox korunarak kontrollü kâr artışı yoklaması";"FIYAT_ARTIR";"840.04";"[]";"Buybox korunarak kontrollü kâr artışı yoklaması";"BUYBOX_OWNED";"cts_removed_profit_probe"
"8695077017182";"Rose kadın parfüm 50 ml +Night kadın parfüm 2 li";"1";"560.00";"560.00";"585.00";"650.00";"563.62";"";"";"MIN_FIYATA_TOPARLA";"563.62";"[""CHANGE_TOO_SMALL""]";"Minimum fiyata güvenli toparlama";"MIN_FIYATA_TOPARLA";"563.62";"[]";"Minimum fiyata güvenli toparlama";"BUYBOX_OWNED";"cts_removed_min_recovery"
"8695077036261";"Bergamot Aromalı Çay 500x4=2000 Gram 4'lü Set";"1";"947.40";"947.40";"949.90";"987.48";"846.59";"";"";"FIYAT_ARTIR";"949.8";"[""CHANGE_TOO_SMALL""]";"Buybox korunarak kontrollü kâr artışı yoklaması";"FIYAT_ARTIR";"949.8";"[]";"Buybox korunarak kontrollü kâr artışı yoklaması";"BUYBOX_OWNED";"cts_removed_profit_probe"
"8695077036402";"Hipoalerjenik Çiçek Rüyası Konsantre Çamaşır Yumuşatıcı 1500 ml X 4 Adet";"1";"826.98";"826.98";"831.98";"886.98";"821.58";"";"";"FIYAT_ARTIR";"831.88";"[""CHANGE_TOO_SMALL""]";"Buybox korunarak kontrollü kâr artışı yoklaması";"FIYAT_ARTIR";"831.88";"[]";"Buybox korunarak kontrollü kâr artışı yoklaması";"BUYBOX_OWNED";"cts_removed_profit_probe"
"8695077058850511";"Sıvı Çamaşır Deterjanı Beyaz Ve Okyanus Ferahlığı Yumuşatıcı Set 1500 + 1500 Ml.";"1";"568.26";"568.26";"581.61";"675.00";"511.23";"";"";"FIYAT_ARTIR";"572.01";"[""CHANGE_TOO_SMALL""]";"Buybox korunarak kontrollü kâr artışı yoklaması";"FIYAT_ARTIR";"572.01";"[]";"Buybox korunarak kontrollü kâr artışı yoklaması";"BUYBOX_OWNED";"cts_removed_profit_probe"
"8695077036508";"Hipoalerjenik Konsantre Çamaşır Yumuşatıcı Okyanus Ve Sensitive 1500 ml X 4 Adet";"1";"835.20";"835.20";"836.20";"888.20";"821.58";"";"";"FIYAT_ARTIR";"836.1";"[""CHANGE_TOO_SMALL""]";"Buybox korunarak kontrollü kâr artışı yoklaması";"FIYAT_ARTIR";"836.1";"[]";"Buybox korunarak kontrollü kâr artışı yoklaması";"BUYBOX_OWNED";"cts_removed_profit_probe"
"8695077036406";"Hipoalerjenik Çiçek rüyası ve Okyanus Kokulu 1500 ml X 4 Adet";"1";"873.97";"873.97";"870.18";"999.00";"821.58";"";"";"KORU";"873.97";"[""CHANGE_TOO_SMALL""]";"Fiyat korunuyor";"KORU";"873.97";"[]";"Fiyat korunuyor";"BUYBOX_OWNED";"cts_removed_keep"
"8695077117012";"Sport For Men 50 ml Erkek Parfüm 2 adet";"1";"644.33";"644.33";"650.00";"";"563.62";"";"";"FIYAT_ARTIR";"648.08";"[""CHANGE_TOO_SMALL""]";"Buybox korunarak kontrollü kâr artışı yoklaması";"FIYAT_ARTIR";"648.08";"[]";"Buybox korunarak kontrollü kâr artışı yoklaması";"BUYBOX_OWNED";"cts_removed_profit_probe"
"86950770826888";"Mutfak Yüzey Temizleyici Sprey Limon Kokulu 750 ml";"1";"319.85";"319.85";"319.85";"339.48";"271.30";"";"";"KORU";"319.85";"[""CHANGE_TOO_SMALL""]";"Fiyat korunuyor";"KORU";"319.85";"[]";"Fiyat korunuyor";"BUYBOX_OWNED";"cts_removed_keep"
"8695077117082";"Rose kadın parfüm 50 ml 3ADET";"1";"899.89";"899.89";"899.99";"";"748.80";"";"";"KORU";"899.89";"[""CHANGE_TOO_SMALL""]";"Fiyat korunuyor";"KORU";"899.89";"[]";"Fiyat korunuyor";"BUYBOX_OWNED";"cts_removed_keep"
"869507705885096";"Sıvı Çamaşır Deterjanı Beyaz Ve Çiçek Rüyası Yumuşatıcı Set 1500 + 1500 Ml.";"1";"576.65";"576.65";"577.47";"675.00";"511.23";"";"";"FIYAT_ARTIR";"577.37";"[""CHANGE_TOO_SMALL""]";"Buybox korunarak kontrollü kâr artışı yoklaması";"FIYAT_ARTIR";"577.37";"[]";"Buybox korunarak kontrollü kâr artışı yoklaması";"BUYBOX_OWNED";"cts_removed_profit_probe"
"8695077124654";"- 4'lü Ekonomik Set Deodorant";"1";"748.31";"748.31";"773.37";"761.19";"590.78";"";"";"FIYAT_ARTIR";"752.06";"[""CHANGE_TOO_SMALL""]";"Buybox korunarak kontrollü kâr artışı yoklaması";"FIYAT_ARTIR";"752.06";"[]";"Buybox korunarak kontrollü kâr artışı yoklaması";"BUYBOX_OWNED";"cts_removed_profit_probe"
"8695077137364";"Baby Powder Bebek Pudra Kokulu Gliserinli E vitaminli El Kremi 75 ml";"1";"247.40";"247.40";"247.50";"247.40";"230.47";"";"";"KORU";"247.4";"[""CHANGE_TOO_SMALL""]";"Fiyat korunuyor";"KORU";"247.4";"[]";"Fiyat korunuyor";"BUYBOX_OWNED";"cts_removed_keep"
"8695077137333";"Sweet Vanilla El Kremi (2’li Set) 75 ml x 2";"1";"357.30";"357.30";"357.30";"535.00";"289.54";"";"";"KORU";"357.3";"[""CHANGE_TOO_SMALL""]";"Fiyat korunuyor";"KORU";"357.3";"[]";"Fiyat korunuyor";"BUYBOX_OWNED";"cts_removed_keep"
"8695077141174";"Çam Kokulu Renk Değiştiren Tuvalet Temizleyici 750 Ml X 4 Adet";"1";"625.37";"625.37";"630.37";"735.08";"588.47";"";"";"FIYAT_ARTIR";"626.27";"[""CHANGE_TOO_SMALL""]";"Buybox korunarak kontrollü kâr artışı yoklaması";"FIYAT_ARTIR";"626.27";"[]";"Buybox korunarak kontrollü kâr artışı yoklaması";"BUYBOX_OWNED";"cts_removed_profit_probe"
"8695077144734";"Nemlendirici etkili sıvı sabun lotus çiçeği kokulu 500 ML x 4 Adet";"1";"830.46";"830.46";"835.46";"999.99";"817.94";"";"";"FIYAT_ARTIR";"835.36";"[""CHANGE_TOO_SMALL""]";"Buybox korunarak kontrollü kâr artışı yoklaması";"FIYAT_ARTIR";"835.36";"[]";"Buybox korunarak kontrollü kâr artışı yoklaması";"BUYBOX_OWNED";"cts_removed_profit_probe"
"8695077148244";"Smooth Anti perspirant kadın deodorant 48 saat etkili 4 Adet X 150 ml";"1";"764.06";"764.06";"769.06";"";"595.72";"";"";"FIYAT_ARTIR";"768.96";"[""CHANGE_TOO_SMALL""]";"Buybox korunarak kontrollü kâr artışı yoklaması";"FIYAT_ARTIR";"768.96";"[]";"Buybox korunarak kontrollü kâr artışı yoklaması";"BUYBOX_OWNED";"cts_removed_profit_probe"
"8695077144762";"Nemlendirici etkili sıvı sabun lotus çiçeği ve beyaz yasemin kokulu 500 ML x 4 Adet";"1";"825.46";"825.46";"835.46";"999.99";"817.94";"";"";"FIYAT_ARTIR";"830.36";"[""CHANGE_TOO_SMALL""]";"Buybox korunarak kontrollü kâr artışı yoklaması";"FIYAT_ARTIR";"830.36";"[]";"Buybox korunarak kontrollü kâr artışı yoklaması";"BUYBOX_OWNED";"cts_removed_profit_probe"
"8695077144784";"Nemlendirici etkili sıvı sabun beyaz yasemin kokulu 500 ML x 4 Adet";"1";"844.97";"844.97";"849.97";"1909.50";"817.94";"";"";"FIYAT_ARTIR";"849.87";"[""CHANGE_TOO_SMALL""]";"Buybox korunarak kontrollü kâr artışı yoklaması";"FIYAT_ARTIR";"849.87";"[]";"Buybox korunarak kontrollü kâr artışı yoklaması";"BUYBOX_OWNED";"cts_removed_profit_probe"
"8695077144764";"Nemlendirici etkili sıvı sabun marsilya gülü ve iris 500 ML x 4 Adet";"1";"845.04";"845.04";"850.04";"1909.50";"817.94";"";"";"FIYAT_ARTIR";"849.94";"[""CHANGE_TOO_SMALL""]";"Buybox korunarak kontrollü kâr artışı yoklaması";"FIYAT_ARTIR";"849.94";"[]";"Buybox korunarak kontrollü kâr artışı yoklaması";"BUYBOX_OWNED";"cts_removed_profit_probe"
"8695077148243";"Refresh Anti perspirant kadın deodorant 48 saat etkili 4 Adet X 150 ml";"1";"759.48";"759.48";"764.48";"772.10";"595.72";"";"";"FIYAT_ARTIR";"764.38";"[""CHANGE_TOO_SMALL""]";"Buybox korunarak kontrollü kâr artışı yoklaması";"FIYAT_ARTIR";"764.38";"[]";"Buybox korunarak kontrollü kâr artışı yoklaması";"BUYBOX_OWNED";"cts_removed_profit_probe"
"8695077152048";"Elma Suyu %100 Meyve Suyu Oranı Şeker İlavesiz 36 Adet X 200 ml";"1";"995.49";"995.49";"1287.08";"1302.84";"955.81";"";"";"FIYAT_ARTIR";"999.29";"[""CHANGE_TOO_SMALL""]";"Buybox korunarak kontrollü kâr artışı yoklaması";"FIYAT_ARTIR";"999.29";"[]";"Buybox korunarak kontrollü kâr artışı yoklaması";"BUYBOX_OWNED";"cts_removed_profit_probe"
"8695077152037";"Vişne Elma Suyu %100 Meyve Suyu Oranı Şeker İlavesiz 36 Adet X 200 ml";"1";"960.85";"960.85";"1287.08";"1294.89";"955.81";"";"";"FIYAT_ARTIR";"965.28";"[""CHANGE_TOO_SMALL""]";"Buybox korunarak kontrollü kâr artışı yoklaması";"FIYAT_ARTIR";"965.28";"[]";"Buybox korunarak kontrollü kâr artışı yoklaması";"BUYBOX_OWNED";"cts_removed_profit_probe"
"8695077152038";"Karışık Meyve Suyu %100 Meyve Suyu Oranı Şeker İlavesiz 36 Adet X 200 ml";"1";"985.52";"985.52";"1287.08";"1302.84";"955.81";"";"";"FIYAT_ARTIR";"990.15";"[""CHANGE_TOO_SMALL""]";"Buybox korunarak kontrollü kâr artışı yoklaması";"FIYAT_ARTIR";"990.15";"[]";"Buybox korunarak kontrollü kâr artışı yoklaması";"BUYBOX_OWNED";"cts_removed_profit_probe"
"8695077161538";"Tahıllı Pirinç Patlağı 4'lü Paket (Toplam 352g) – Sağlıklı ve Lezzetli Atıştırmalık";"1";"398.79";"398.79";"395.00";"398.89";"380.90";"";"";"KORU";"398.79";"[""CHANGE_TOO_SMALL""]";"Fiyat korunuyor";"KORU";"398.79";"[]";"Fiyat korunuyor";"BUYBOX_OWNED";"cts_removed_keep"
"869507720254";"Ton Balığı 4*160 Gr";"1";"579.99";"579.99";"583.56";"641.25";"193.25";"";"";"FIYAT_ARTIR";"583.46";"[""COST_INCOMPLETE"",""AUTO_UPDATE_DISABLED"",""CHANGE_TOO_SMALL""]";"Buybox korunarak kontrollü kâr artışı yoklaması";"FIYAT_ARTIR";"583.46";"[""COST_INCOMPLETE"",""AUTO_UPDATE_DISABLED""]";"Buybox korunarak kontrollü kâr artışı yoklaması";"BUYBOX_OWNED";"cts_removed_profit_probe"
"8695077165626";"Kakao Fındık Kreması Şeker İlavesiz 350 g";"1";"891.08";"891.08";"891.34";"920.00";"483.37";"";"";"FIYAT_ARTIR";"891.24";"[""CHANGE_TOO_SMALL""]";"Buybox korunarak kontrollü kâr artışı yoklaması";"FIYAT_ARTIR";"891.24";"[]";"Buybox korunarak kontrollü kâr artışı yoklaması";"BUYBOX_OWNED";"cts_removed_profit_probe"
"8695077163313";"Oda ve Kumaş Kokusu Kaşmir 3 adet x 500 ml";"1";"778.52";"778.52";"801.60";"817.88";"765.23";"";"";"FIYAT_ARTIR";"783.01";"[""CHANGE_TOO_SMALL""]";"Buybox korunarak kontrollü kâr artışı yoklaması";"FIYAT_ARTIR";"783.01";"[]";"Buybox korunarak kontrollü kâr artışı yoklaması";"BUYBOX_OWNED";"cts_removed_profit_probe"
"8695077164407";"Aloe Vera Jel 55 ml – Nemlendirici & Besleyici Saç Bakım Jeli";"1";"320.33";"320.33";"348.00";"349.99";"305.78";"";"";"FIYAT_ARTIR";"324.08";"[""CHANGE_TOO_SMALL""]";"Buybox korunarak kontrollü kâr artışı yoklaması";"FIYAT_ARTIR";"324.08";"[]";"Buybox korunarak kontrollü kâr artışı yoklaması";"BUYBOX_OWNED";"cts_removed_profit_probe"
"8695077161534";"Sade Pirinç Patlağı 4 Adet (4x88g) - Glutensiz, Katkısız, Vegan";"1";"386.60";"386.60";"383.72";"399.99";"380.90";"";"";"KORU";"386.6";"[""CHANGE_TOO_SMALL""]";"Fiyat korunuyor";"KORU";"386.6";"[]";"Fiyat korunuyor";"BUYBOX_OWNED";"cts_removed_keep"
"86950772255255";"KOLONYA 400 ML X4 LÜ KARAYEL";"1";"591.92";"591.92";"1606.40";"1795.50";"445.10";"";"";"FIYAT_ARTIR";"594.04";"[""CHANGE_TOO_SMALL""]";"Buybox korunarak kontrollü kâr artışı yoklaması";"FIYAT_ARTIR";"594.04";"[]";"Buybox korunarak kontrollü kâr artışı yoklaması";"BUYBOX_OWNED";"cts_removed_profit_probe"
"8695077256254";"Marine Erkek 100ml Parfüm";"1";"794.99";"794.99";"1565.96";"1824.00";"730.28";"";"";"FIYAT_ARTIR";"795.29";"[""CHANGE_TOO_SMALL""]";"Buybox korunarak kontrollü kâr artışı yoklaması";"FIYAT_ARTIR";"795.29";"[]";"Buybox korunarak kontrollü kâr artışı yoklaması";"BUYBOX_OWNED";"cts_removed_profit_probe"
"8695077215425";"Islak Havlu 100*2 (200'lü)";"1";"291.17";"291.17";"291.17";"299.00";"291.49";"";"";"MIN_FIYATA_TOPARLA";"291.49";"[""CHANGE_TOO_SMALL""]";"Minimum fiyata güvenli toparlama";"MIN_FIYATA_TOPARLA";"291.49";"[]";"Minimum fiyata güvenli toparlama";"BUYBOX_OWNED";"cts_removed_min_recovery"
"86950775125525";"Islak Havlu 4*100 (400 Adet)";"1";"419.99";"419.99";"422.50";"430.00";"421.55";"";"";"MIN_FIYATA_TOPARLA";"421.55";"[""CHANGE_TOO_SMALL""]";"Minimum fiyata güvenli toparlama";"MIN_FIYATA_TOPARLA";"421.55";"[]";"Minimum fiyata güvenli toparlama";"BUYBOX_OWNED";"cts_removed_min_recovery"
"869507758585458568";"ZEYTİNYAĞI SIZMA 500 ML X 2 ADET HARRAS CAM ŞİŞE";"1";"759.54";"759.54";"759.64";"828.00";"670.04";"";"";"KORU";"759.54";"[""CHANGE_TOO_SMALL""]";"Fiyat korunuyor";"KORU";"759.54";"[]";"Fiyat korunuyor";"BUYBOX_OWNED";"cts_removed_keep"
"86950775855847";"Islak Bebek Havlusu 60*3 Lü Paket";"1";"298.64";"298.64";"299.64";"560.50";"286.84";"";"";"FIYAT_ARTIR";"298.74";"[""CHANGE_TOO_SMALL""]";"Buybox korunarak kontrollü kâr artışı yoklaması";"FIYAT_ARTIR";"298.74";"[]";"Buybox korunarak kontrollü kâr artışı yoklaması";"BUYBOX_OWNED";"cts_removed_profit_probe"
"8695077545528";"Islak Havlu 5 *100 (500 Adet)";"1";"533.05";"533.05";"533.05";"599.00";"478.52";"";"";"KORU";"533.05";"[""CHANGE_TOO_SMALL""]";"Fiyat korunuyor";"KORU";"533.05";"[]";"Fiyat korunuyor";"BUYBOX_OWNED";"cts_removed_keep"
"869507765482";"Parfüm Erkek Black Ml & Nıght 50 Ml";"1";"639.99";"639.99";"640.98";"949.05";"193.25";"";"";"FIYAT_ARTIR";"640.88";"[""COST_INCOMPLETE"",""AUTO_UPDATE_DISABLED"",""CHANGE_TOO_SMALL""]";"Buybox korunarak kontrollü kâr artışı yoklaması";"FIYAT_ARTIR";"640.88";"[""COST_INCOMPLETE"",""AUTO_UPDATE_DISABLED""]";"Buybox korunarak kontrollü kâr artışı yoklaması";"BUYBOX_OWNED";"cts_removed_profit_probe"
"869507755454";"Black Parfüm Erkek Edc 2*50 Ml";"1";"619.99";"619.99";"625.00";"638.96";"563.62";"";"";"FIYAT_ARTIR";"624.9";"[""AUTO_UPDATE_DISABLED"",""CHANGE_TOO_SMALL""]";"Buybox korunarak kontrollü kâr artışı yoklaması";"FIYAT_ARTIR";"624.9";"[""AUTO_UPDATE_DISABLED""]";"Buybox korunarak kontrollü kâr artışı yoklaması";"BUYBOX_OWNED";"cts_removed_profit_probe"
"8695077552558";"KAKAOLU FINDIK EZMESİ 350 GRX2 ADET HARRAS";"1";"794.17";"794.17";"898.90";"899.00";"662.08";"";"";"FIYAT_ARTIR";"795.33";"[""CHANGE_TOO_SMALL""]";"Buybox korunarak kontrollü kâr artışı yoklaması";"FIYAT_ARTIR";"795.33";"[]";"Buybox korunarak kontrollü kâr artışı yoklaması";"BUYBOX_OWNED";"cts_removed_profit_probe"
"869507752545858";"Çam Kokulu Renk Değiştiren Tuvalet Temizleyici 750 ml X 3 Adet";"1";"541.51";"541.51";"541.51";"546.51";"501.12";"";"";"KORU";"541.51";"[""CHANGE_TOO_SMALL""]";"Fiyat korunuyor";"KORU";"541.51";"[]";"Fiyat korunuyor";"BUYBOX_OWNED";"cts_removed_keep"
"869507776543";"Çay Bergamot Aromalı Siyah Çay 500×2 Li";"1";"552.40";"552.40";"552.40";"611.32";"513.25";"";"";"KORU";"552.4";"[""CHANGE_TOO_SMALL""]";"Fiyat korunuyor";"KORU";"552.4";"[]";"Fiyat korunuyor";"BUYBOX_OWNED";"cts_removed_keep"
"86950777858587858";"EL VE VÜCUT KREMİ ZEYTİNYAĞLI DAYCARE 300 ML X 2 ADET";"1";"633.00";"633.00";"637.00";"712.50";"477.20";"";"";"FIYAT_ARTIR";"636.9";"[""CHANGE_TOO_SMALL""]";"Buybox korunarak kontrollü kâr artışı yoklaması";"FIYAT_ARTIR";"636.9";"[]";"Buybox korunarak kontrollü kâr artışı yoklaması";"BUYBOX_OWNED";"cts_removed_profit_probe"
"86950778542545";"EKSTRA ÇAMAŞIR YUMUŞATICI ORKİDE 1500 ML 2 Lİ PAKET";"1";"528.15";"528.15";"529.15";"712.50";"504.73";"";"";"FIYAT_ARTIR";"529.05";"[""CHANGE_TOO_SMALL""]";"Buybox korunarak kontrollü kâr artışı yoklaması";"FIYAT_ARTIR";"529.05";"[]";"Buybox korunarak kontrollü kâr artışı yoklaması";"BUYBOX_OWNED";"cts_removed_profit_probe"
"86950777856958588";"PARFUM  MERCY (JASMİNE+NIGHT+ROSE )";"1";"759.90";"759.90";"764.90";"749.00";"748.80";"";"";"FIYAT_ARTIR";"764.8";"[""CHANGE_TOO_SMALL""]";"Buybox korunarak kontrollü kâr artışı yoklaması";"FIYAT_ARTIR";"764.8";"[]";"Buybox korunarak kontrollü kâr artışı yoklaması";"BUYBOX_OWNED";"cts_removed_profit_probe"
"8695088147477";"Deep Tıraş Kolonyası 270 ml x 2 Adet – Avantajlı İkili Set (70°)";"1";"428.52";"428.52";"548.00";"551.08";"410.53";"";"";"FIYAT_ARTIR";"432.51";"[""CHANGE_TOO_SMALL""]";"Buybox korunarak kontrollü kâr artışı yoklaması";"FIYAT_ARTIR";"432.51";"[]";"Buybox korunarak kontrollü kâr artışı yoklaması";"BUYBOX_OWNED";"cts_removed_profit_probe"
"86950778585878";"Mocha Soğuk Kahve 12 Adet X 250 ml";"1";"1561.26";"1561.26";"1562.64";"1824.00";"728.93";"";"";"FIYAT_ARTIR";"1562.54";"[""CHANGE_TOO_SMALL""]";"Buybox korunarak kontrollü kâr artışı yoklaması";"FIYAT_ARTIR";"1562.54";"[]";"Buybox korunarak kontrollü kâr artışı yoklaması";"BUYBOX_OWNED";"cts_removed_profit_probe"
"86951236547581";"Earl Grey Demlik Poşet Çay 48'lix2 Paket";"1";"327.14";"327.14";"329.90";"345.00";"293.67";"";"";"FIYAT_ARTIR";"329.8";"[""CHANGE_TOO_SMALL""]";"Buybox korunarak kontrollü kâr artışı yoklaması";"FIYAT_ARTIR";"329.8";"[]";"Buybox korunarak kontrollü kâr artışı yoklaması";"BUYBOX_OWNED";"cts_removed_profit_probe"
"8695168158675";"Kolonya Seti Kiraz Çiçeği & Zeytin Çiçeği 80° 100 ml Sprey (2’li Set)";"1";"310.36";"310.36";"309.00";"328.00";"284.79";"";"";"KORU";"310.36";"[""CHANGE_TOO_SMALL""]";"Fiyat korunuyor";"KORU";"310.36";"[]";"Fiyat korunuyor";"BUYBOX_OWNED";"cts_removed_keep"
"8695123654125";"Earl Grey Demlik Poşet Çay 48'lix3 Paket";"1";"497.53";"497.53";"498.54";"1543.75";"372.06";"";"";"FIYAT_ARTIR";"498.44";"[""CHANGE_TOO_SMALL""]";"Buybox korunarak kontrollü kâr artışı yoklaması";"FIYAT_ARTIR";"498.44";"[]";"Buybox korunarak kontrollü kâr artışı yoklaması";"BUYBOX_OWNED";"cts_removed_profit_probe"
"8695124578965";"Türk Kahvesi 100 Gr. X 10 Paket";"1";"1130.51";"1130.51";"1330.00";"1400.64";"999.45";"";"";"FIYAT_ARTIR";"1134.39";"[""CHANGE_TOO_SMALL""]";"Buybox korunarak kontrollü kâr artışı yoklaması";"FIYAT_ARTIR";"1134.39";"[]";"Buybox korunarak kontrollü kâr artışı yoklaması";"BUYBOX_OWNED";"cts_removed_profit_probe"
"8695088163226";"Kakao Fındık Kreması Şeker İlavesiz 350 g x 2 Adet";"1";"1577.30";"1577.30";"1579.66";"1620.00";"754.98";"";"";"FIYAT_ARTIR";"1579.56";"[""CHANGE_TOO_SMALL""]";"Buybox korunarak kontrollü kâr artışı yoklaması";"FIYAT_ARTIR";"1579.56";"[]";"Buybox korunarak kontrollü kâr artışı yoklaması";"BUYBOX_OWNED";"cts_removed_profit_probe"
"869520215400";"Esmer Toz Şeker 4x500 gr";"1";"671.20";"671.20";"671.20";"700.00";"565.59";"";"";"KORU";"671.2";"[""CHANGE_TOO_SMALL""]";"Fiyat korunuyor";"KORU";"671.2";"[]";"Fiyat korunuyor";"BUYBOX_OWNED";"cts_removed_keep"
"869523655254";"O.P.A. CEYLON SİYAH ÇAY 300 GR 2 Lİ PAKET";"1";"659.90";"659.90";"660.00";"659.90";"660.38";"";"";"MIN_FIYATA_TOPARLA";"660.38";"[""CHANGE_TOO_SMALL""]";"Minimum fiyata güvenli toparlama";"MIN_FIYATA_TOPARLA";"660.38";"[]";"Minimum fiyata güvenli toparlama";"BUYBOX_OWNED";"cts_removed_min_recovery"
"8695245855";"Islak Bebek Havlusu (60*3 ) 4 Lü Paket 720 Yaprak Jenny&willy";"1";"701.45";"701.45";"704.34";"719.90";"630.85";"";"";"FIYAT_ARTIR";"704.24";"[""CHANGE_TOO_SMALL""]";"Buybox korunarak kontrollü kâr artışı yoklaması";"FIYAT_ARTIR";"704.24";"[]";"Buybox korunarak kontrollü kâr artışı yoklaması";"BUYBOX_OWNED";"cts_removed_profit_probe"
"869525458587";"TÜY DÖKÜCÜ KREM DAYCARE 100 ML X 5ADET";"1";"1227.06";"1227.06";"1230.21";"1448.75";"819.79";"";"";"FIYAT_ARTIR";"1230.11";"[""CHANGE_TOO_SMALL""]";"Buybox korunarak kontrollü kâr artışı yoklaması";"FIYAT_ARTIR";"1230.11";"[]";"Buybox korunarak kontrollü kâr artışı yoklaması";"BUYBOX_OWNED";"cts_removed_profit_probe"
"869525458758";"Islak Mendil 100 Lü Paket 3 Lü";"1";"442.53";"442.53";"449.88";"483.75";"387.24";"";"";"FIYAT_ARTIR";"446.93";"[""CHANGE_TOO_SMALL""]";"Buybox korunarak kontrollü kâr artışı yoklaması";"FIYAT_ARTIR";"446.93";"[]";"Buybox korunarak kontrollü kâr artışı yoklaması";"BUYBOX_OWNED";"cts_removed_profit_probe"
"86952556586";"VÜCUT SIR AĞDA BANDI 20 Lİ PAKET X 4 ADET";"1";"855.50";"855.50";"859.90";"997.50";"645.10";"";"";"FIYAT_ARTIR";"859.8";"[""CHANGE_TOO_SMALL""]";"Buybox korunarak kontrollü kâr artışı yoklaması";"FIYAT_ARTIR";"859.8";"[]";"Buybox korunarak kontrollü kâr artışı yoklaması";"BUYBOX_OWNED";"cts_removed_profit_probe"
"86952548500";"Esmerküp Şeker  4x 500 gr";"1";"1589.85";"1589.85";"1590.64";"1885.75";"565.59";"";"";"FIYAT_ARTIR";"1590.54";"[""CHANGE_TOO_SMALL""]";"Buybox korunarak kontrollü kâr artışı yoklaması";"FIYAT_ARTIR";"1590.54";"[]";"Buybox korunarak kontrollü kâr artışı yoklaması";"BUYBOX_OWNED";"cts_removed_profit_probe"
"869525889658";"BERGAMOT AROMALI ÇAY 500 GR X4 ADET (2 KG)";"1";"1208.42";"1208.42";"1210.68";"1232.96";"846.59";"";"";"FIYAT_ARTIR";"1210.58";"[""CHANGE_TOO_SMALL""]";"Buybox korunarak kontrollü kâr artışı yoklaması";"FIYAT_ARTIR";"1210.58";"[]";"Buybox korunarak kontrollü kâr artışı yoklaması";"BUYBOX_OWNED";"cts_removed_profit_probe"
"869525888587558";"Vücut Spreyi 200 Ml X 3 LÜ CHEERFUL LİFE";"1";"954.70";"954.70";"955.70";"985.00";"757.44";"";"";"FIYAT_ARTIR";"955.6";"[""CHANGE_TOO_SMALL""]";"Buybox korunarak kontrollü kâr artışı yoklaması";"FIYAT_ARTIR";"955.6";"[]";"Buybox korunarak kontrollü kâr artışı yoklaması";"BUYBOX_OWNED";"cts_removed_profit_probe"
"86952558858785";"ZEYTİNYAĞI ORGANİK SIZMA 500 ML X 2 ADET HARRAS";"1";"1437.70";"1437.70";"1439.88";"1488.00";"835.92";"";"";"FIYAT_ARTIR";"1439.78";"[""CHANGE_TOO_SMALL""]";"Buybox korunarak kontrollü kâr artışı yoklaması";"FIYAT_ARTIR";"1439.78";"[]";"Buybox korunarak kontrollü kâr artışı yoklaması";"BUYBOX_OWNED";"cts_removed_profit_probe"
"8695326548921";"Filiz Çay 1000 gr x 4 Paket";"1";"1933.43";"1933.43";"1935.12";"2234.40";"1313.60";"";"";"FIYAT_ARTIR";"1935.02";"[""CHANGE_TOO_SMALL""]";"Buybox korunarak kontrollü kâr artışı yoklaması";"FIYAT_ARTIR";"1935.02";"[]";"Buybox korunarak kontrollü kâr artışı yoklaması";"BUYBOX_OWNED";"cts_removed_profit_probe"
"8695326256966";"Yeşilçay Ve Zencefil Şampuan 600 ml X 2 Adet";"1";"610.08";"610.08";"643.08";"685.09";"610.53";"";"";"MIN_FIYATA_TOPARLA";"610.53";"[""CHANGE_TOO_SMALL""]";"Minimum fiyata güvenli toparlama";"MIN_FIYATA_TOPARLA";"610.53";"[]";"Minimum fiyata güvenli toparlama";"BUYBOX_OWNED";"cts_removed_min_recovery"
"86952589658785";"ZEYTİNYAĞI ORGANİK SIZMA 500 ML X 3 ADET HARRAS";"1";"2016.44";"2016.44";"2019.36";"2327.50";"1155.92";"";"";"FIYAT_ARTIR";"2019.26";"[""CHANGE_TOO_SMALL""]";"Buybox korunarak kontrollü kâr artışı yoklaması";"FIYAT_ARTIR";"2019.26";"[]";"Buybox korunarak kontrollü kâr artışı yoklaması";"BUYBOX_OWNED";"cts_removed_profit_probe"
"8695326954168";"Bergamot Aromalı Siyah Çay 500grx2 Paket";"1";"570.20";"570.20";"570.00";"635.00";"545.44";"";"";"KORU";"570.2";"[""CHANGE_TOO_SMALL""]";"Fiyat korunuyor";"KORU";"570.2";"[]";"Fiyat korunuyor";"BUYBOX_OWNED";"cts_removed_keep"
"8695263252155";"Oda Ve Kumaş Kokusu Amber Paket 500 ml X 3 Adet";"1";"816.58";"816.58";"816.58";"911.48";"765.23";"";"";"KORU";"816.58";"[""CHANGE_TOO_SMALL""]";"Fiyat korunuyor";"KORU";"816.58";"[]";"Fiyat korunuyor";"BUYBOX_OWNED";"cts_removed_keep"
"8695459876587";"Rize Çay 1000gr x 4 Paket";"1";"1650.68";"1650.68";"1655.08";"1795.50";"1249.23";"";"";"FIYAT_ARTIR";"1654.98";"[""CHANGE_TOO_SMALL""]";"Buybox korunarak kontrollü kâr artışı yoklaması";"FIYAT_ARTIR";"1654.98";"[]";"Buybox korunarak kontrollü kâr artışı yoklaması";"BUYBOX_OWNED";"cts_removed_profit_probe"
"8695362546865";"Oda Kokusu Bambu Çubuklu 100 Ml 3 Lü Paket Pudra";"1";"976.47";"976.47";"1135.99";"1149.90";"913.33";"";"";"FIYAT_ARTIR";"976.59";"[""CHANGE_TOO_SMALL""]";"Buybox korunarak kontrollü kâr artışı yoklaması";"FIYAT_ARTIR";"976.59";"[]";"Buybox korunarak kontrollü kâr artışı yoklaması";"BUYBOX_OWNED";"cts_removed_profit_probe"
"8695362659844";"Sıvı Sabun Çiçek Tazeliği 750 ml X 2 Adet";"1";"330.88";"330.88";"333.46";"348.00";"307.01";"";"";"FIYAT_ARTIR";"333.36";"[""CHANGE_TOO_SMALL""]";"Buybox korunarak kontrollü kâr artışı yoklaması";"FIYAT_ARTIR";"333.36";"[]";"Buybox korunarak kontrollü kâr artışı yoklaması";"BUYBOX_OWNED";"cts_removed_profit_probe"
"86953659545236";"Saç Kremi Keratin 350 ml x 3 Adet";"1";"761.68";"761.68";"781.08";"832.10";"757.44";"";"";"FIYAT_ARTIR";"766.58";"[""CHANGE_TOO_SMALL""]";"Buybox korunarak kontrollü kâr artışı yoklaması";"FIYAT_ARTIR";"766.58";"[]";"Buybox korunarak kontrollü kâr artışı yoklaması";"BUYBOX_OWNED";"cts_removed_profit_probe"
"8695362564125";"Yeşilçay Ve Zencefil Şampuan 600 ml X 3 Adet";"1";"880.60";"880.60";"882.08";"997.50";"819.17";"";"";"FIYAT_ARTIR";"881.98";"[""CHANGE_TOO_SMALL""]";"Buybox korunarak kontrollü kâr artışı yoklaması";"FIYAT_ARTIR";"881.98";"[]";"Buybox korunarak kontrollü kâr artışı yoklaması";"BUYBOX_OWNED";"cts_removed_profit_probe"
"8695500015599";"Kavrulmuş Kabuklu Yer Fıstığı Yerli Çıtır Çitlek Kuruyemiş Yüksek Gramaj Seti 4 Adet x 500 gr";"1";"570.76";"570.76";"575.76";"581.48";"524.11";"";"";"FIYAT_ARTIR";"575.66";"[""CHANGE_TOO_SMALL""]";"Buybox korunarak kontrollü kâr artışı yoklaması";"FIYAT_ARTIR";"575.66";"[]";"Buybox korunarak kontrollü kâr artışı yoklaması";"BUYBOX_OWNED";"cts_removed_profit_probe"
"86956325456987";"Oda Kokusu Bambu Çubuklu 100 Ml 2 Lü Paket Yasemin";"1";"748.92";"748.92";"789.90";"790.28";"679.15";"";"";"FIYAT_ARTIR";"753.48";"[""CHANGE_TOO_SMALL""]";"Buybox korunarak kontrollü kâr artışı yoklaması";"FIYAT_ARTIR";"753.48";"[]";"Buybox korunarak kontrollü kâr artışı yoklaması";"BUYBOX_OWNED";"cts_removed_profit_probe"
"8695600678944";"Erken Hasat Soğuk Sıkım Natürel Sızma Zeytinyağı 500 ml x 2 Adet";"1";"1743.58";"1743.58";"1744.18";"1799.00";"542.98";"";"";"FIYAT_ARTIR";"1744.08";"[""CHANGE_TOO_SMALL""]";"Buybox korunarak kontrollü kâr artışı yoklaması";"FIYAT_ARTIR";"1744.08";"[]";"Buybox korunarak kontrollü kâr artışı yoklaması";"BUYBOX_OWNED";"cts_removed_profit_probe"
"8695625695485";"Shea Ve Avokado Şampuan 600 ml X 3 Adet";"1";"891.30";"891.30";"886.59";"997.50";"831.52";"";"";"KORU";"891.3";"[""CHANGE_TOO_SMALL""]";"Fiyat korunuyor";"KORU";"891.3";"[]";"Fiyat korunuyor";"BUYBOX_OWNED";"cts_removed_keep"
"8695632105698";"Okyanus Ferahlığı 750 ml X 2 Adet";"1";"864.05";"864.05";"865.83";"997.50";"324.11";"";"";"FIYAT_ARTIR";"865.73";"[""CHANGE_TOO_SMALL""]";"Buybox korunarak kontrollü kâr artışı yoklaması";"FIYAT_ARTIR";"865.73";"[]";"Buybox korunarak kontrollü kâr artışı yoklaması";"BUYBOX_OWNED";"cts_removed_profit_probe"
"8695632360548";"Isırgan Ve At Kuyruğu Şampuan 600 ml X 3 Adet";"1";"878.12";"878.12";"882.08";"997.50";"831.52";"";"";"FIYAT_ARTIR";"881.98";"[""CHANGE_TOO_SMALL""]";"Buybox korunarak kontrollü kâr artışı yoklaması";"FIYAT_ARTIR";"881.98";"[]";"Buybox korunarak kontrollü kâr artışı yoklaması";"BUYBOX_OWNED";"cts_removed_profit_probe"
"8695632365478";"Uç Yaprak Siyah Çay 500gr x 4 Paket";"1";"1055.05";"1055.05";"1119.00";"1195.08";"956.93";"";"";"FIYAT_ARTIR";"1057.86";"[""CHANGE_TOO_SMALL""]";"Buybox korunarak kontrollü kâr artışı yoklaması";"FIYAT_ARTIR";"1057.86";"[]";"Buybox korunarak kontrollü kâr artışı yoklaması";"BUYBOX_OWNED";"cts_removed_profit_probe"
"86956362005698";"Uç Yaprak Siyah Çay 500gr x 2 Paket";"1";"628.03";"628.03";"629.99";"728.00";"568.43";"";"";"FIYAT_ARTIR";"629.89";"[""CHANGE_TOO_SMALL""]";"Buybox korunarak kontrollü kâr artışı yoklaması";"FIYAT_ARTIR";"629.89";"[]";"Buybox korunarak kontrollü kâr artışı yoklaması";"BUYBOX_OWNED";"cts_removed_profit_probe"
"86956877149877";"Zeytin Çiçeği Kolonyası 80° 100 ml Sprey (3’lü Set)";"1";"560.44";"560.44";"559.00";"588.00";"357.44";"";"";"KORU";"560.44";"[""CHANGE_TOO_SMALL""]";"Fiyat korunuyor";"KORU";"560.44";"[]";"Fiyat korunuyor";"BUYBOX_OWNED";"cts_removed_keep"
"8695666123900";"Bebek Kulak Temizleme Pamuğu 72’li x 2 Adet – 144’lü Ekonomik Set";"1";"506.74";"506.74";"509.00";"528.00";"361.91";"";"";"FIYAT_ARTIR";"508.9";"[""CHANGE_TOO_SMALL""]";"Buybox korunarak kontrollü kâr artışı yoklaması";"FIYAT_ARTIR";"508.9";"[]";"Buybox korunarak kontrollü kâr artışı yoklaması";"BUYBOX_OWNED";"cts_removed_profit_probe"
"8695693265954";"Kürdanlı Diş İpi 50'li x 3 Adet";"1";"530.20";"530.20";"530.20";"638.00";"468.56";"";"";"KORU";"530.2";"[""CHANGE_TOO_SMALL""]";"Fiyat korunuyor";"KORU";"530.2";"[]";"Fiyat korunuyor";"BUYBOX_OWNED";"cts_removed_keep"
"8695789654254";"Filiz Çay 1000 gr x 2 Paket";"1";"1559.98";"1559.98";"1563.08";"1847.75";"729.34";"";"";"FIYAT_ARTIR";"1562.98";"[""CHANGE_TOO_SMALL""]";"Buybox korunarak kontrollü kâr artışı yoklaması";"FIYAT_ARTIR";"1562.98";"[]";"Buybox korunarak kontrollü kâr artışı yoklaması";"BUYBOX_OWNED";"cts_removed_profit_probe"
"8695999623545";"Sıvı Sabun Çiçek Tazeliği 750 ml X 3 Adet";"1";"447.37";"447.37";"470.10";"495.00";"422.75";"";"";"FIYAT_ARTIR";"451.12";"[""CHANGE_TOO_SMALL""]";"Buybox korunarak kontrollü kâr artışı yoklaması";"FIYAT_ARTIR";"451.12";"[]";"Buybox korunarak kontrollü kâr artışı yoklaması";"BUYBOX_OWNED";"cts_removed_profit_probe"
"8695698745896";"Dark Spice Duş Jeli 750 ml x 3 Adet";"1";"893.64";"893.64";"1092.50";"";"815.35";"";"";"FIYAT_ARTIR";"897.39";"[""CHANGE_TOO_SMALL""]";"Buybox korunarak kontrollü kâr artışı yoklaması";"FIYAT_ARTIR";"897.39";"[]";"Buybox korunarak kontrollü kâr artışı yoklaması";"BUYBOX_OWNED";"cts_removed_profit_probe"
"8695777000510";"Ananas Sirkesi 500 ml x 2 Adet – Doğal Fermantasyon";"1";"710.59";"710.59";"909.88";"1107.19";"563.62";"";"";"FIYAT_ARTIR";"715.27";"[""CHANGE_TOO_SMALL""]";"Buybox korunarak kontrollü kâr artışı yoklaması";"FIYAT_ARTIR";"715.27";"[]";"Buybox korunarak kontrollü kâr artışı yoklaması";"BUYBOX_OWNED";"cts_removed_profit_probe"
"8695956987456";"Avokado Duş Jeli 750 ml x 2 Adet";"1";"592.40";"592.40";"593.40";"997.50";"585.84";"";"";"FIYAT_ARTIR";"593.3";"[""CHANGE_TOO_SMALL""]";"Buybox korunarak kontrollü kâr artışı yoklaması";"FIYAT_ARTIR";"593.3";"[]";"Buybox korunarak kontrollü kâr artışı yoklaması";"BUYBOX_OWNED";"cts_removed_profit_probe"
"8697421321";"Limon Kolonyası 80° 100 ml Sprey (2’li Set)";"1";"314.00";"314.00";"319.00";"345.00";"284.79";"";"";"FIYAT_ARTIR";"318.9";"[""CHANGE_TOO_SMALL""]";"Buybox korunarak kontrollü kâr artışı yoklaması";"FIYAT_ARTIR";"318.9";"[]";"Buybox korunarak kontrollü kâr artışı yoklaması";"BUYBOX_OWNED";"cts_removed_profit_probe"
"86962365441230";"Bulaşık Süngeri Oluklu Mr.Green 5'li x 3 Paket";"1";"333.04";"333.04";"338.04";"333.04";"293.59";"";"";"FIYAT_ARTIR";"337.94";"[""CHANGE_TOO_SMALL""]";"Buybox korunarak kontrollü kâr artışı yoklaması";"FIYAT_ARTIR";"337.94";"[]";"Buybox korunarak kontrollü kâr artışı yoklaması";"BUYBOX_OWNED";"cts_removed_profit_probe"
"8696577652348";"Natürel Sızma Zeytinyağı 5 lt";"1";"2143.34";"2143.34";"2164.02";"2218.00";"2123.66";"";"";"FIYAT_ARTIR";"2147.09";"[""CHANGE_TOO_SMALL""]";"Buybox korunarak kontrollü kâr artışı yoklaması";"FIYAT_ARTIR";"2147.09";"[]";"Buybox korunarak kontrollü kâr artışı yoklaması";"BUYBOX_OWNED";"cts_removed_profit_probe"
"8697001204068";"O.P.A. Ceylon Siyah Çay 300 g x 4 Adet - İthal Sri Lanka Seylan Çayı 1.2 kg Set";"1";"1144.00";"1144.00";"1249.00";"1274.12";"1140.84";"";"";"FIYAT_ARTIR";"1148.9";"[""CHANGE_TOO_SMALL""]";"Buybox korunarak kontrollü kâr artışı yoklaması";"FIYAT_ARTIR";"1148.9";"[]";"Buybox korunarak kontrollü kâr artışı yoklaması";"BUYBOX_OWNED";"cts_removed_profit_probe"
"8697449103546";"Lungo Kapsül Kahve Nespresso Uyumlu %100 Arabica 10 Adet 2 Paket (Toplam 20 Kapsül)";"1";"646.03";"646.03";"689.08";"748.96";"583.77";"";"";"FIYAT_ARTIR";"650.52";"[""CHANGE_TOO_SMALL""]";"Buybox korunarak kontrollü kâr artışı yoklaması";"FIYAT_ARTIR";"650.52";"[]";"Buybox korunarak kontrollü kâr artışı yoklaması";"BUYBOX_OWNED";"cts_removed_profit_probe"
"8697538521811";"Kavrulmuş Badem İçi Premium Tuzlu Kuruyemiş Yüksek Gramaj Seti 4 Adet x 400 gr";"1";"1680.67";"1680.67";"1684.37";"1695.25";"1608.06";"";"";"FIYAT_ARTIR";"1684.27";"[""CHANGE_TOO_SMALL""]";"Buybox korunarak kontrollü kâr artışı yoklaması";"FIYAT_ARTIR";"1684.27";"[]";"Buybox korunarak kontrollü kâr artışı yoklaması";"BUYBOX_OWNED";"cts_removed_profit_probe"
"8697449025874";"Special Blend Kavrulmuş Çekirdek Kahve %100 Arabica (2 x 500 gr) Avantaj Paketi - 1 KG";"1";"1122.90";"1122.90";"1122.90";"1176.68";"1113.89";"";"";"KORU";"1122.9";"[""CHANGE_TOO_SMALL""]";"Fiyat korunuyor";"KORU";"1122.9";"[]";"Fiyat korunuyor";"BUYBOX_OWNED";"cts_removed_keep"
"869762361903401";"BestChoice 2 Adet Desenli Katlanır Kamp Piknik Sandalyesi Rejisör Koltuğu";"1";"1899.99";"1899.99";"";"";"1462.52";"";"";"KORU";"1899.99";"[""CHANGE_TOO_SMALL""]";"Fiyat korunuyor";"KORU";"1899.99";"[]";"Fiyat korunuyor";"SOLE_SELLER";"cts_removed_keep"
"8697526965242";"Family ıslak havlu 100 lü 5 ADET";"1";"563.61";"563.61";"590.00";"685.02";"478.52";"";"";"FIYAT_ARTIR";"567.36";"[""CHANGE_TOO_SMALL""]";"Buybox korunarak kontrollü kâr artışı yoklaması";"FIYAT_ARTIR";"567.36";"[]";"Buybox korunarak kontrollü kâr artışı yoklaması";"BUYBOX_OWNED";"cts_removed_profit_probe"
"8698915232004";"Chipotle sos 4 Adet x 260gr";"1";"896.88";"896.88";"891.88";"900.72";"808.06";"";"";"KORU";"896.88";"[""CHANGE_TOO_SMALL""]";"Fiyat korunuyor";"KORU";"896.88";"[]";"Fiyat korunuyor";"BUYBOX_OWNED";"cts_removed_keep"
"8698726953162";"Hindi Fileto Konserve 27g Protein Keto Şekersiz Pratik Diyet Hazır Yemek 4 Adet 2'li Paket";"1";"1034.82";"1034.82";"1039.90";"1050.25";"647.57";"";"";"FIYAT_ARTIR";"1039.8";"[""CHANGE_TOO_SMALL""]";"Buybox korunarak kontrollü kâr artışı yoklaması";"FIYAT_ARTIR";"1039.8";"[]";"Buybox korunarak kontrollü kâr artışı yoklaması";"BUYBOX_OWNED";"cts_removed_profit_probe"
"8698721225168";"Hindi Tandır Konserve Yüksek Protein Keto Şekersiz Pratik Diyet Hazır Yemek 4 Adet 2'li Paket";"1";"1087.24";"1087.24";"1089.28";"1098.18";"672.26";"";"";"FIYAT_ARTIR";"1089.18";"[""CHANGE_TOO_SMALL""]";"Buybox korunarak kontrollü kâr artışı yoklaması";"FIYAT_ARTIR";"1089.18";"[]";"Buybox korunarak kontrollü kâr artışı yoklaması";"BUYBOX_OWNED";"cts_removed_profit_probe"
"8697655438769";"Riviera Zeytinyağı 5 lt";"1";"1918.88";"1918.88";"1923.77";"1988.00";"1770.72";"";"";"FIYAT_ARTIR";"1923.67";"[""CHANGE_TOO_SMALL""]";"Buybox korunarak kontrollü kâr artışı yoklaması";"FIYAT_ARTIR";"1923.67";"[]";"Buybox korunarak kontrollü kâr artışı yoklaması";"BUYBOX_OWNED";"cts_removed_profit_probe"
"8697896785675";"Ceylon Çayı 400gr x 2 Adet";"1";"775.32";"775.32";"779.58";"777.38";"775.32";"";"";"FIYAT_ARTIR";"779.48";"[""CHANGE_TOO_SMALL""]";"Buybox korunarak kontrollü kâr artışı yoklaması";"FIYAT_ARTIR";"779.48";"[]";"Buybox korunarak kontrollü kâr artışı yoklaması";"BUYBOX_OWNED";"cts_removed_profit_probe"
"8697655434563";"Ceylon Çayı 400gr x 4 Adet";"1";"1657.34";"1657.34";"1662.01";"1905.45";"1370.72";"";"";"FIYAT_ARTIR";"1661.91";"[""CHANGE_TOO_SMALL""]";"Buybox korunarak kontrollü kâr artışı yoklaması";"FIYAT_ARTIR";"1661.91";"[]";"Buybox korunarak kontrollü kâr artışı yoklaması";"BUYBOX_OWNED";"cts_removed_profit_probe"
"8698529320548";"Çifte Kavrulmuş Tahin Glutensiz Taş Değirmen 500 gr 2 Adet (Toplam 1000 gr)";"1";"559.94";"559.94";"593.40";"601.50";"556.21";"";"";"FIYAT_ARTIR";"560.04";"[""CHANGE_TOO_SMALL""]";"Buybox korunarak kontrollü kâr artışı yoklaması";"FIYAT_ARTIR";"560.04";"[]";"Buybox korunarak kontrollü kâr artışı yoklaması";"BUYBOX_OWNED";"cts_removed_profit_probe"
"869949085003";"Tereyağlı Kurabiye Metal Kutulu 3 Adet x 180 gr";"1";"1082.83";"1082.83";"1089.93";"";"1053.74";"";"";"FIYAT_ARTIR";"1085.38";"[""CHANGE_TOO_SMALL""]";"Buybox korunarak kontrollü kâr artışı yoklaması";"FIYAT_ARTIR";"1085.38";"[]";"Buybox korunarak kontrollü kâr artışı yoklaması";"BUYBOX_OWNED";"cts_removed_profit_probe"
"86O50O7117229";"Rose kadın parfüm 50 ml +Fresh Erkek Parfüm 50 Ml 2 li";"1";"563.50";"563.50";"585.00";"650.00";"563.62";"";"";"MIN_FIYATA_TOPARLA";"563.62";"[""CHANGE_TOO_SMALL""]";"Minimum fiyata güvenli toparlama";"MIN_FIYATA_TOPARLA";"563.62";"[]";"Minimum fiyata güvenli toparlama";"BUYBOX_OWNED";"cts_removed_min_recovery"
"869949085004";"Tereyağlı Kurabiye Metal Kutulu 4 Adet x 180 gr";"1";"1435.54";"1435.54";"1440.44";"1452.99";"1336.46";"";"";"FIYAT_ARTIR";"1440.34";"[""CHANGE_TOO_SMALL""]";"Buybox korunarak kontrollü kâr artışı yoklaması";"FIYAT_ARTIR";"1440.34";"[]";"Buybox korunarak kontrollü kâr artışı yoklaması";"BUYBOX_OWNED";"cts_removed_profit_probe"
"8699931100152";"Organik Dut Kurusu 200gr X 5 Paket";"1";"2179.53";"2179.53";"2178.00";"2183.53";"1841.40";"";"";"KORU";"2179.53";"[""CHANGE_TOO_SMALL""]";"Fiyat korunuyor";"KORU";"2179.53";"[]";"Fiyat korunuyor";"BUYBOX_OWNED";"cts_removed_keep"
"8965466564564";"Cranberry Turna Yemişi 4x150 g";"1";"717.63";"717.63";"762.68";"823.96";"674.73";"";"";"FIYAT_ARTIR";"722.12";"[""CHANGE_TOO_SMALL""]";"Buybox korunarak kontrollü kâr artışı yoklaması";"FIYAT_ARTIR";"722.12";"[]";"Buybox korunarak kontrollü kâr artışı yoklaması";"BUYBOX_OWNED";"cts_removed_profit_probe"
"895077265482";"Parfüm Rose 2*50 Ml";"1";"587.50";"587.50";"590.00";"902.50";"563.62";"";"";"FIYAT_ARTIR";"589.9";"[""CHANGE_TOO_SMALL""]";"Buybox korunarak kontrollü kâr artışı yoklaması";"FIYAT_ARTIR";"589.9";"[]";"Buybox korunarak kontrollü kâr artışı yoklaması";"BUYBOX_OWNED";"cts_removed_profit_probe"
"89507752545";"BEBEK ISLAK HAVLUSU (60*3) *3 LÜ PAKET 540 YAPRAK JENNY &WİLLY";"1";"631.93";"631.93";"635.04";"660.25";"521.55";"";"";"FIYAT_ARTIR";"634.94";"[""CHANGE_TOO_SMALL""]";"Buybox korunarak kontrollü kâr artışı yoklaması";"FIYAT_ARTIR";"634.94";"[]";"Buybox korunarak kontrollü kâr artışı yoklaması";"BUYBOX_OWNED";"cts_removed_profit_probe"
"89067534899";"Thai Blaubeere Yaban Mersini - Böğürtlen 20'li Poşet Çay 45G";"1";"307.90";"307.90";"318.24";"316.28";"281.09";"";"";"FIYAT_ARTIR";"311.65";"[""CHANGE_TOO_SMALL""]";"Buybox korunarak kontrollü kâr artışı yoklaması";"FIYAT_ARTIR";"311.65";"[]";"Buybox korunarak kontrollü kâr artışı yoklaması";"BUYBOX_OWNED";"cts_removed_profit_probe"
"9695077139306";"Kiraz Çiçeği Kolonya 100 ml x2 – İkili Avantaj Paketi";"1";"310.36";"310.36";"309.00";"328.00";"284.79";"";"";"KORU";"310.36";"[""CHANGE_TOO_SMALL""]";"Fiyat korunuyor";"KORU";"310.36";"[]";"Fiyat korunuyor";"BUYBOX_OWNED";"cts_removed_keep"
"actisoftdeneme";"Çamaşır Yumuşatıcısı Deneme Seti (Toplam 5 Paket)";"1";"1238.99";"1238.99";"1239.99";"";"980.69";"";"";"FIYAT_ARTIR";"1239.89";"[""CHANGE_TOO_SMALL""]";"Buybox korunarak kontrollü kâr artışı yoklaması";"FIYAT_ARTIR";"1239.89";"[]";"Buybox korunarak kontrollü kâr artışı yoklaması";"BUYBOX_OWNED";"cts_removed_profit_probe"
"9665888885223366";"100 lü Family ıslak havlu * 3 adet";"1";"373.81";"373.81";"388.00";"398.00";"364.57";"";"";"FIYAT_ARTIR";"377.56";"[""CHANGE_TOO_SMALL""]";"Buybox korunarak kontrollü kâr artışı yoklaması";"FIYAT_ARTIR";"377.56";"[]";"Buybox korunarak kontrollü kâr artışı yoklaması";"BUYBOX_OWNED";"cts_removed_profit_probe"
"beyazsabun6";"Hipoalerjenik Konsantre Çamaşır Yumuşatıcı Beyaz Sabun 1500 ml X 6 Adet";"1";"1137.00";"1137.00";"1139.00";"";"1127.66";"";"";"FIYAT_ARTIR";"1138.9";"[""CHANGE_TOO_SMALL""]";"Buybox korunarak kontrollü kâr artışı yoklaması";"FIYAT_ARTIR";"1138.9";"[]";"Buybox korunarak kontrollü kâr artışı yoklaması";"BUYBOX_OWNED";"cts_removed_profit_probe"
"aşlamacı10kgerzak";"Ramazan Paketi – 12 Parça - Toplam 10 kg";"1";"1999.99";"1999.99";"";"";"193.25";"";"";"KORU";"1999.99";"[""COST_INCOMPLETE"",""CHANGE_TOO_SMALL""]";"Fiyat korunuyor";"KORU";"1999.99";"[""COST_INCOMPLETE""]";"Fiyat korunuyor";"SOLE_SELLER";"cts_removed_keep"
"daycarepeçete100";"Peçete 100 Yaprak x 10 Paket";"1";"623.08";"623.08";"624.08";"689.08";"599.32";"";"";"FIYAT_ARTIR";"623.98";"[""CHANGE_TOO_SMALL""]";"Buybox korunarak kontrollü kâr artışı yoklaması";"FIYAT_ARTIR";"623.98";"[]";"Buybox korunarak kontrollü kâr artışı yoklaması";"BUYBOX_OWNED";"cts_removed_profit_probe"
"bulasikkapsulu80";"Premium Bulaşık Makinesi Kapsülü 80’lı";"1";"699.99";"699.99";"";"";"188.59";"";"";"KORU";"699.99";"[""COST_INCOMPLETE"",""CHANGE_TOO_SMALL""]";"Fiyat korunuyor";"KORU";"699.99";"[""COST_INCOMPLETE""]";"Fiyat korunuyor";"SOLE_SELLER";"cts_removed_keep"
"cayfilizidemlikposetdortlu";"Güzelçay Çay Filizi Demlik Poşet Çay 4 Paket";"1";"2994.00";"2994.00";"2999.00";"3084.00";"2364.80";"";"";"FIYAT_ARTIR";"2998.9";"[""CHANGE_TOO_SMALL""]";"Buybox korunarak kontrollü kâr artışı yoklaması";"FIYAT_ARTIR";"2998.9";"[]";"Buybox korunarak kontrollü kâr artışı yoklaması";"BUYBOX_OWNED";"cts_removed_profit_probe"
"familykoli";"Islak Havlu 100 Yaprak x 24 Paket – 1 Koli Toplam 2400 Yaprak";"1";"1870.32";"1870.32";"1875.00";"";"1639.43";"";"";"FIYAT_ARTIR";"1874.9";"[""CHANGE_TOO_SMALL""]";"Buybox korunarak kontrollü kâr artışı yoklaması";"FIYAT_ARTIR";"1874.9";"[]";"Buybox korunarak kontrollü kâr artışı yoklaması";"BUYBOX_OWNED";"cts_removed_profit_probe"
"daycareucludeneme";"Kolonya Deneme Seti Limon & Kiraz Çiçeği & Zeytin Çiçeği 80° 100 ml Sprey (3’lü Set)";"1";"464.00";"464.00";"469.00";"505.08";"357.44";"";"";"FIYAT_ARTIR";"468.9";"[""CHANGE_TOO_SMALL""]";"Buybox korunarak kontrollü kâr artışı yoklaması";"FIYAT_ARTIR";"468.9";"[]";"Buybox korunarak kontrollü kâr artışı yoklaması";"BUYBOX_OWNED";"cts_removed_profit_probe"
"guzelcaytadindadortlu";"Güzelçay Tadında Demlik Poşet Çay 4 Paket";"1";"2326.17";"2326.17";"2999.99";"";"2317.18";"";"";"FIYAT_ARTIR";"2331.07";"[""CHANGE_TOO_SMALL""]";"Buybox korunarak kontrollü kâr artışı yoklaması";"FIYAT_ARTIR";"2331.07";"[]";"Buybox korunarak kontrollü kâr artışı yoklaması";"BUYBOX_OWNED";"cts_removed_profit_probe"
"guzelcaytiryakidemlikposetdortlu";"Güzelçay Tiryaki Demlik Poşet Çay 4 Paket";"1";"2326.17";"2326.17";"2999.99";"";"2245.75";"";"";"FIYAT_ARTIR";"2331.07";"[""CHANGE_TOO_SMALL""]";"Buybox korunarak kontrollü kâr artışı yoklaması";"FIYAT_ARTIR";"2331.07";"[]";"Buybox korunarak kontrollü kâr artışı yoklaması";"BUYBOX_OWNED";"cts_removed_profit_probe"
"harrasbiskuvi";"Yulaflı Bisküvi Çilekli Kremalı 240 g x 3 Adet";"1";"652.51";"652.51";"658.32";"735.08";"652.51";"";"";"FIYAT_ARTIR";"657.15";"[""CHANGE_TOO_SMALL""]";"Buybox korunarak kontrollü kâr artışı yoklaması";"FIYAT_ARTIR";"657.15";"[]";"Buybox korunarak kontrollü kâr artışı yoklaması";"BUYBOX_OWNED";"cts_removed_profit_probe"
"hareskap6";"Nespresso Uyumlu Kapsül Kahve Espresso 6 Kutu";"1";"1613.99";"1613.99";"1655.08";"1912.40";"1378.95";"";"";"FIYAT_ARTIR";"1618.49";"[""CHANGE_TOO_SMALL""]";"Buybox korunarak kontrollü kâr artışı yoklaması";"FIYAT_ARTIR";"1618.49";"[]";"Buybox korunarak kontrollü kâr artışı yoklaması";"BUYBOX_OWNED";"cts_removed_profit_probe"
"HARKR0010";"Kavrulmuş Tuzsuz Kabak Çekirdeği 200 Gr X 2 Adet";"1";"373.08";"373.08";"374.08";"378.00";"361.15";"";"";"FIYAT_ARTIR";"373.98";"[""CHANGE_TOO_SMALL""]";"Buybox korunarak kontrollü kâr artışı yoklaması";"FIYAT_ARTIR";"373.98";"[]";"Buybox korunarak kontrollü kâr artışı yoklaması";"BUYBOX_OWNED";"cts_removed_profit_probe"
"HARK00003";"%100 YER FISTIĞI EZMESİ 350 GR X 4 ADET";"1";"991.93";"991.93";"992.05";"997.00";"947.57";"";"";"FIYAT_ARTIR";"991.95";"[""CHANGE_TOO_SMALL""]";"Buybox korunarak kontrollü kâr artışı yoklaması";"FIYAT_ARTIR";"991.95";"[]";"Buybox korunarak kontrollü kâr artışı yoklaması";"BUYBOX_OWNED";"cts_removed_profit_probe"
"HARKR0011";"Kavrulmuş Tuzsuz Kabak Çekirdeği 200 Gr X 4 Adet";"1";"599.89";"599.89";"599.99";"";"531.52";"";"";"KORU";"599.89";"[""CHANGE_TOO_SMALL""]";"Fiyat korunuyor";"KORU";"599.89";"[]";"Fiyat korunuyor";"BUYBOX_OWNED";"cts_removed_keep"
"harrasgranolaset";"Glutensiz Granola 3’lü Set Yaban Mersinli, Çilekli & Chialı, Kakaolu & Fındıklı 3 x 300 g";"1";"1199.99";"1199.99";"";"";"193.25";"";"";"KORU";"1199.99";"[""COST_INCOMPLETE"",""AUTO_UPDATE_DISABLED"",""CHANGE_TOO_SMALL""]";"Fiyat korunuyor";"KORU";"1199.99";"[""COST_INCOMPLETE"",""AUTO_UPDATE_DISABLED""]";"Fiyat korunuyor";"SOLE_SELLER";"cts_removed_keep"
"harrasmısır";"Mısır Konservesi x 2 Adet";"1";"399.89";"399.89";"399.99";"";"323.86";"";"";"KORU";"399.89";"[""CHANGE_TOO_SMALL""]";"Fiyat korunuyor";"KORU";"399.89";"[]";"Fiyat korunuyor";"BUYBOX_OWNED";"cts_removed_keep"
"HRS00012";"Ş.İlavesiz %65 Çilekli Reçel 275 g 4 lü";"1";"898.99";"898.99";"899.99";"1195.00";"892.01";"";"";"FIYAT_ARTIR";"899.89";"[""CHANGE_TOO_SMALL""]";"Buybox korunarak kontrollü kâr artışı yoklaması";"FIYAT_ARTIR";"899.89";"[]";"Buybox korunarak kontrollü kâr artışı yoklaması";"BUYBOX_OWNED";"cts_removed_profit_probe"
"HRS00017";"Ş.İlavesiz %65 Meyveli Reçel 4'lü Set 275 gr x4";"1";"1160.00";"1160.00";"1195.00";"1265.00";"892.01";"";"";"FIYAT_ARTIR";"1164.9";"[""CHANGE_TOO_SMALL""]";"Buybox korunarak kontrollü kâr artışı yoklaması";"FIYAT_ARTIR";"1164.9";"[]";"Buybox korunarak kontrollü kâr artışı yoklaması";"BUYBOX_OWNED";"cts_removed_profit_probe"
"harrastoplar4";"Yer Fıstıklı Proteinli Toplar %33 Proteinli Sütlü Çikolata Kaplı 72 g x 4 Adet";"1";"849.99";"849.99";"";"";"192.01";"";"";"KORU";"849.99";"[""COST_INCOMPLETE"",""AUTO_UPDATE_DISABLED"",""CHANGE_TOO_SMALL""]";"Fiyat korunuyor";"KORU";"849.99";"[""COST_INCOMPLETE"",""AUTO_UPDATE_DISABLED""]";"Fiyat korunuyor";"SOLE_SELLER";"cts_removed_keep"
"harrastoplar2";"Yer Fıstıklı Proteinli Toplar %33 Proteinli Sütlü Çikolata Kaplı 72 g x 2 Adet";"1";"499.99";"499.99";"";"";"192.01";"";"";"KORU";"499.99";"[""COST_INCOMPLETE"",""AUTO_UPDATE_DISABLED"",""CHANGE_TOO_SMALL""]";"Fiyat korunuyor";"KORU";"499.99";"[""COST_INCOMPLETE"",""AUTO_UPDATE_DISABLED""]";"Fiyat korunuyor";"SOLE_SELLER";"cts_removed_keep"
"HRSKRDT01";"Organik Dut Kurusu 200gr";"1";"571.08";"571.08";"572.08";"";"532.75";"";"";"FIYAT_ARTIR";"571.98";"[""CHANGE_TOO_SMALL""]";"Buybox korunarak kontrollü kâr artışı yoklaması";"FIYAT_ARTIR";"571.98";"[]";"Buybox korunarak kontrollü kâr artışı yoklaması";"BUYBOX_OWNED";"cts_removed_profit_probe"
"HRS00008";"Ş.İlavesiz %65 Vişneli Reçel 275 g 4 lü";"1";"898.99";"898.99";"899.99";"1195.00";"892.01";"";"";"FIYAT_ARTIR";"899.89";"[""CHANGE_TOO_SMALL""]";"Buybox korunarak kontrollü kâr artışı yoklaması";"FIYAT_ARTIR";"899.89";"[]";"Buybox korunarak kontrollü kâr artışı yoklaması";"BUYBOX_OWNED";"cts_removed_profit_probe"
"islakhavlu6";"Islak Havlu 100'LÜ x 6 Paket - Toplam 600 Yaprak";"1";"576.00";"576.00";"640.00";"";"535.50";"";"";"FIYAT_ARTIR";"579.75";"[""CHANGE_TOO_SMALL""]";"Buybox korunarak kontrollü kâr artışı yoklaması";"FIYAT_ARTIR";"579.75";"[]";"Buybox korunarak kontrollü kâr artışı yoklaması";"BUYBOX_OWNED";"cts_removed_profit_probe"
"mrgreenbeyazsabun";"Sıvı Beyaz Sabun 1000 ml x 3 Adet";"1";"520.00";"520.00";"520.00";"712.50";"435.58";"";"";"KORU";"520";"[""CHANGE_TOO_SMALL""]";"Fiyat korunuyor";"KORU";"520";"[]";"Fiyat korunuyor";"BUYBOX_OWNED";"cts_removed_keep"
"kapsulu40";"Premium Bulaşık Makinesi Kapsülü 40’lı";"1";"529.99";"529.99";"";"";"188.59";"";"";"KORU";"529.99";"[""COST_INCOMPLETE"",""CHANGE_TOO_SMALL""]";"Fiyat korunuyor";"KORU";"529.99";"[""COST_INCOMPLETE""]";"Fiyat korunuyor";"SOLE_SELLER";"cts_removed_keep"
"HSTOBAK202101";"Karadeniz 1 Kg. X 6 Adet";"1";"2452.48";"2452.48";"2452.80";"2452.70";"2061.97";"";"";"FIYAT_ARTIR";"2452.7";"[""CHANGE_TOO_SMALL""]";"Buybox korunarak kontrollü kâr artışı yoklaması";"FIYAT_ARTIR";"2452.7";"[]";"Buybox korunarak kontrollü kâr artışı yoklaması";"BUYBOX_OWNED";"cts_removed_profit_probe"
"mrgreenbeyazsabun1";"Sıvı Beyaz Sabun 1000 ml";"1";"299.99";"299.99";"";"";"262.27";"";"";"KORU";"299.99";"[""CHANGE_TOO_SMALL""]";"Fiyat korunuyor";"KORU";"299.99";"[]";"Fiyat korunuyor";"SOLE_SELLER";"cts_removed_keep"
"kinoaharras3";"Kinoa Tohumu 500 g x 3 Adet";"1";"694.73";"694.73";"689.99";"735.08";"661.15";"";"";"KORU";"694.73";"[""CHANGE_TOO_SMALL""]";"Fiyat korunuyor";"KORU";"694.73";"[]";"Fiyat korunuyor";"BUYBOX_OWNED";"cts_removed_keep"
"PAKETTENO001";"Peçete 100 Lü Pk 32 Li Set (1 Koli)";"1";"829.99";"829.99";"846.26";"1259.99";"758.06";"";"";"FIYAT_ARTIR";"833.66";"[""CHANGE_TOO_SMALL""]";"Buybox korunarak kontrollü kâr artışı yoklaması";"FIYAT_ARTIR";"833.66";"[]";"Buybox korunarak kontrollü kâr artışı yoklaması";"BUYBOX_OWNED";"cts_removed_profit_probe"
"teekanne6";"Yaban Mersinli Meyve Çayı";"1";"642.56";"642.56";"1299.00";"";"298.19";"";"";"FIYAT_ARTIR";"647.46";"[""CHANGE_TOO_SMALL""]";"Buybox korunarak kontrollü kâr artışı yoklaması";"FIYAT_ARTIR";"647.46";"[]";"Buybox korunarak kontrollü kâr artışı yoklaması";"BUYBOX_OWNED";"cts_removed_profit_probe"
"obacayceylon";"Ceylon Tea 400 g x 8 Paket";"1";"2892.49";"2892.49";"2999.99";"";"2596.36";"";"";"FIYAT_ARTIR";"2897.39";"[""CHANGE_TOO_SMALL""]";"Buybox korunarak kontrollü kâr artışı yoklaması";"FIYAT_ARTIR";"2897.39";"[]";"Buybox korunarak kontrollü kâr artışı yoklaması";"BUYBOX_OWNED";"cts_removed_profit_probe"
"QUEBECMGRSCAYA156";"Blaubeere 20'li Bardak Poşet Çay 45G ( 1 ADET )";"1";"319.39";"319.39";"317.19";"328.63";"281.09";"";"";"KORU";"319.39";"[""CHANGE_TOO_SMALL""]";"Fiyat korunuyor";"KORU";"319.39";"[]";"Fiyat korunuyor";"BUYBOX_OWNED";"cts_removed_keep"
"obacayfiliz";"Siyah Çay Filiz 500 G x 6 Paket";"1";"1381.50";"1381.50";"1489.00";"";"1163.71";"";"";"FIYAT_ARTIR";"1386.4";"[""CHANGE_TOO_SMALL""]";"Buybox korunarak kontrollü kâr artışı yoklaması";"FIYAT_ARTIR";"1386.4";"[]";"Buybox korunarak kontrollü kâr artışı yoklaması";"BUYBOX_OWNED";"cts_removed_profit_probe"
"obacaykaradenizdemlikposet";"Karadeniz Çayı Demlik Poşet 48'li x 4 Adet";"1";"549.89";"549.89";"549.99";"";"460.15";"";"";"KORU";"549.89";"[""CHANGE_TOO_SMALL""]";"Fiyat korunuyor";"KORU";"549.89";"[]";"Fiyat korunuyor";"BUYBOX_OWNED";"cts_removed_keep"
"obacayearlgreydemlikposet";"Earl Grey 3,2 g x 48 Demlik Poşet Çay 4 Kutu";"1";"499.79";"499.79";"499.69";"";"469.68";"";"";"KORU";"499.79";"[""CHANGE_TOO_SMALL""]";"Fiyat korunuyor";"KORU";"499.79";"[]";"Fiyat korunuyor";"BUYBOX_OWNED";"cts_removed_keep"
"QUEBECMGRSCAYA416";"Blaubeere 20'li Bardak Poşet Çay 45G ( 5 ADET )";"1";"1470.15";"1470.15";"1470.99";"1484.01";"717.94";"";"";"FIYAT_ARTIR";"1470.89";"[""CHANGE_TOO_SMALL""]";"Buybox korunarak kontrollü kâr artışı yoklaması";"FIYAT_ARTIR";"1470.89";"[]";"Buybox korunarak kontrollü kâr artışı yoklaması";"BUYBOX_OWNED";"cts_removed_profit_probe"
"TXA30C0D012923";"Cam Şişe Yeşil Çay Kolonya 200 ml (2 ADET)";"1";"649.00";"649.00";"649.90";"";"526.58";"";"";"FIYAT_ARTIR";"649.8";"[""CHANGE_TOO_SMALL""]";"Buybox korunarak kontrollü kâr artışı yoklaması";"FIYAT_ARTIR";"649.8";"[]";"Buybox korunarak kontrollü kâr artışı yoklaması";"BUYBOX_OWNED";"cts_removed_profit_probe"
"TY45BUYNOW00882";"Cam Şişe Bahar Kolonya 200ml 200ml";"1";"549.99";"549.99";"550.00";"630.00";"545.10";"";"";"KORU";"549.99";"[""CHANGE_TOO_SMALL""]";"Fiyat korunuyor";"KORU";"549.99";"[]";"Fiyat korunuyor";"BUYBOX_OWNED";"cts_removed_keep"
"TYB06IDC9INJHITC80";"Efor Demlik Poşet Çay Jumbo Tiryaki 40gr 25 Li X 2 Adet";"1";"858.70";"858.70";"858.88";"879.00";"828.96";"";"";"FIYAT_ARTIR";"858.78";"[""CHANGE_TOO_SMALL""]";"Buybox korunarak kontrollü kâr artışı yoklaması";"FIYAT_ARTIR";"858.78";"[]";"Buybox korunarak kontrollü kâr artışı yoklaması";"BUYBOX_OWNED";"cts_removed_profit_probe"
"TYB1S0TSETI3RBAD24";"Üzüm Pekmezi 600 gr X 2 Kavanoz";"1";"586.67";"586.67";"596.67";"602.60";"514.23";"";"";"FIYAT_ARTIR";"591.57";"[""CHANGE_TOO_SMALL""]";"Buybox korunarak kontrollü kâr artışı yoklaması";"FIYAT_ARTIR";"591.57";"[]";"Buybox korunarak kontrollü kâr artışı yoklaması";"BUYBOX_OWNED";"cts_removed_profit_probe"
"TYB1G92LY3J4XM8255";"İmpact Erkek EDP Parfüm 50 ml";"1";"627.59";"627.59";"629.00";"670.20";"550.04";"";"";"FIYAT_ARTIR";"628.9";"[""CHANGE_TOO_SMALL""]";"Buybox korunarak kontrollü kâr artışı yoklaması";"FIYAT_ARTIR";"628.9";"[]";"Buybox korunarak kontrollü kâr artışı yoklaması";"BUYBOX_OWNED";"cts_removed_profit_probe"
"TYB2HDONORY7350E06";"Soğuk Mocha Kahve 250ml X 3 Adet";"1";"331.77";"331.77";"328.55";"362.87";"301.46";"";"";"KORU";"331.77";"[""CHANGE_TOO_SMALL""]";"Fiyat korunuyor";"KORU";"331.77";"[]";"Fiyat korunuyor";"BUYBOX_OWNED";"cts_removed_keep"
"TYB4YQIPVEOZWCZ626";"Bold Tıraş kolonyası 270 MLX3 (3 lü Paket)";"1";"946.52";"946.52";"949.90";"";"520.41";"";"";"FIYAT_ARTIR";"949.8";"[""CHANGE_TOO_SMALL""]";"Buybox korunarak kontrollü kâr artışı yoklaması";"FIYAT_ARTIR";"949.8";"[]";"Buybox korunarak kontrollü kâr artışı yoklaması";"BUYBOX_OWNED";"cts_removed_profit_probe"
"TYB3NGEQU7D4805T28";"Şeker İlavesiz %65 Yaban Mersini Reçeli";"1";"381.31";"381.31";"394.68";"428.86";"377.20";"";"";"FIYAT_ARTIR";"381.41";"[""CHANGE_TOO_SMALL""]";"Buybox korunarak kontrollü kâr artışı yoklaması";"FIYAT_ARTIR";"381.41";"[]";"Buybox korunarak kontrollü kâr artışı yoklaması";"BUYBOX_OWNED";"cts_removed_profit_probe"
"TYB4SOGQRCLQ4Y2658";"Aqua kolonya 200 ml 3 Adet";"1";"721.88";"721.88";"855.32";"878.00";"690.78";"";"";"FIYAT_ARTIR";"722.2";"[""CHANGE_TOO_SMALL""]";"Buybox korunarak kontrollü kâr artışı yoklaması";"FIYAT_ARTIR";"722.2";"[]";"Buybox korunarak kontrollü kâr artışı yoklaması";"BUYBOX_OWNED";"cts_removed_profit_probe"
"TYB4TZ3VIQMGVB6O89";"Kiraz Çiçeği 80’ Kolonya 100 ml";"1";"191.04";"191.04";"194.99";"204.00";"182.32";"";"";"FIYAT_ARTIR";"194.79";"[""CHANGE_TOO_SMALL""]";"Buybox korunarak kontrollü kâr artışı yoklaması";"FIYAT_ARTIR";"194.79";"[]";"Buybox korunarak kontrollü kâr artışı yoklaması";"BUYBOX_OWNED";"cts_removed_profit_probe"
"TYB4N4CB73R4OUON25";"Lacivert Adventures Katlanır Kamp Sandalyesi";"1";"1685.59";"1685.59";"1689.00";"";"828.90";"";"";"FIYAT_ARTIR";"1688.9";"[""CHANGE_TOO_SMALL""]";"Buybox korunarak kontrollü kâr artışı yoklaması";"FIYAT_ARTIR";"1688.9";"[]";"Buybox korunarak kontrollü kâr artışı yoklaması";"BUYBOX_OWNED";"cts_removed_profit_probe"
"TYB5A6OML1NO0WIP81";"Men RUSH Deodorant 150 ml (ANTİ - PERSPIRANT) 2 adet";"1";"448.84";"448.84";"457.00";"467.40";"400.65";"";"";"FIYAT_ARTIR";"452.59";"[""CHANGE_TOO_SMALL""]";"Buybox korunarak kontrollü kâr artışı yoklaması";"FIYAT_ARTIR";"452.59";"[]";"Buybox korunarak kontrollü kâr artışı yoklaması";"BUYBOX_OWNED";"cts_removed_profit_probe"
"TYB72U20R75N4ONF05";"Bril Mutfak ve Banyo Temizleyici 1000+1000 ml";"1";"429.85";"429.85";"429.85";"440.01";"394.61";"";"";"KORU";"429.85";"[""CHANGE_TOO_SMALL""]";"Fiyat korunuyor";"KORU";"429.85";"[]";"Fiyat korunuyor";"BUYBOX_OWNED";"cts_removed_keep"
"TYB5ZOBKEI1QRWH785";"Aloevera Bulaşık Deterjanı 750 ml (2 Adet)";"1";"350.25";"350.25";"444.41";"465.00";"325.63";"";"";"FIYAT_ARTIR";"350.35";"[""CHANGE_TOO_SMALL""]";"Buybox korunarak kontrollü kâr artışı yoklaması";"FIYAT_ARTIR";"350.35";"[]";"Buybox korunarak kontrollü kâr artışı yoklaması";"BUYBOX_OWNED";"cts_removed_profit_probe"
"TYB9AQ4838GS2FPL87";"Bioçözünür Yüz Temizlik Havlusu 50'li";"1";"391.26";"391.26";"394.68";"410.10";"364.85";"";"";"FIYAT_ARTIR";"394.58";"[""CHANGE_TOO_SMALL""]";"Buybox korunarak kontrollü kâr artışı yoklaması";"FIYAT_ARTIR";"394.58";"[]";"Buybox korunarak kontrollü kâr artışı yoklaması";"BUYBOX_OWNED";"cts_removed_profit_probe"
"TYB9MKGCVWDAIA9S96";"Pure 100 ml Kadın Edp Parfüm (2 ADET)";"1";"1318.45";"1318.45";"1360.68";"1380.79";"1267.32";"";"";"FIYAT_ARTIR";"1322.94";"[""CHANGE_TOO_SMALL""]";"Buybox korunarak kontrollü kâr artışı yoklaması";"FIYAT_ARTIR";"1322.94";"[]";"Buybox korunarak kontrollü kâr artışı yoklaması";"BUYBOX_OWNED";"cts_removed_profit_probe"
"TYB8K8VABWTQFR5M29";"Çiğ İç Kabak Çekirdeği 150 g x 2 Adet";"1";"442.00";"442.00";"447.00";"499.99";"435.22";"";"";"FIYAT_ARTIR";"446.9";"[""CHANGE_TOO_SMALL""]";"Buybox korunarak kontrollü kâr artışı yoklaması";"FIYAT_ARTIR";"446.9";"[]";"Buybox korunarak kontrollü kâr artışı yoklaması";"BUYBOX_OWNED";"cts_removed_profit_probe"
"TYB8RH3MDPHZ4VL505";"Küçük Boy Çöp Torbası (3 Adet) 40'lı";"1";"421.46";"421.46";"430.81";"450.00";"379.55";"";"";"FIYAT_ARTIR";"425.21";"[""CHANGE_TOO_SMALL""]";"Buybox korunarak kontrollü kâr artışı yoklaması";"FIYAT_ARTIR";"425.21";"[]";"Buybox korunarak kontrollü kâr artışı yoklaması";"BUYBOX_OWNED";"cts_removed_profit_probe"
"TYB9ALNPLZCAXUSA23";"Fındıklı Süt Reçeli 270gr x 3 Adet";"1";"637.44";"637.44";"643.08";"637.44";"613.00";"";"";"FIYAT_ARTIR";"637.54";"[""CHANGE_TOO_SMALL""]";"Buybox korunarak kontrollü kâr artışı yoklaması";"FIYAT_ARTIR";"637.54";"[]";"Buybox korunarak kontrollü kâr artışı yoklaması";"BUYBOX_OWNED";"cts_removed_profit_probe"
"TYBB2O5W15OPNREU69";"Şeker İlavesiz Kakaolu Fındık Kreması 350 gr";"1";"636.91";"636.91";"637.45";"679.88";"483.37";"";"";"FIYAT_ARTIR";"637.35";"[""CHANGE_TOO_SMALL""]";"Buybox korunarak kontrollü kâr artışı yoklaması";"FIYAT_ARTIR";"637.35";"[]";"Buybox korunarak kontrollü kâr artışı yoklaması";"BUYBOX_OWNED";"cts_removed_profit_probe"
"TYBAL8E8ZOXZ0HR660";"Karadeniz Siyah Filiz Çayi 1000 Gr X 6 Adet = 6kg ( 2800-3000 Demlik )";"1";"2974.00";"2974.00";"2975.00";"2992.50";"2164.26";"";"";"FIYAT_ARTIR";"2974.9";"[""CHANGE_TOO_SMALL""]";"Buybox korunarak kontrollü kâr artışı yoklaması";"FIYAT_ARTIR";"2974.9";"[]";"Buybox korunarak kontrollü kâr artışı yoklaması";"BUYBOX_OWNED";"cts_removed_profit_probe"
"TYBANTRN3OVLTIMI32";"Dark Erkek EDP Parfüm 100 ml";"1";"733.20";"733.20";"733.20";"781.08";"730.28";"";"";"KORU";"733.2";"[""CHANGE_TOO_SMALL""]";"Fiyat korunuyor";"KORU";"733.2";"[]";"Fiyat korunuyor";"BUYBOX_OWNED";"cts_removed_keep"
"TYBCOGVHSBILBAV580";"Women Soft Sprey Deodorant 75 ml x 2";"1";"609.89";"609.89";"609.99";"635.00";"440.16";"";"";"KORU";"609.89";"[""CHANGE_TOO_SMALL""]";"Fiyat korunuyor";"KORU";"609.89";"[]";"Fiyat korunuyor";"BUYBOX_OWNED";"cts_removed_keep"
"TYBDD5BR1ATTYG7I16";"SPORT PARFUM";"1";"700.91";"700.91";"701.91";"766.46";"550.04";"";"";"FIYAT_ARTIR";"701.81";"[""CHANGE_TOO_SMALL""]";"Buybox korunarak kontrollü kâr artışı yoklaması";"FIYAT_ARTIR";"701.81";"[]";"Buybox korunarak kontrollü kâr artışı yoklaması";"BUYBOX_OWNED";"cts_removed_profit_probe"
"TYBCTAS8CUP6RJWJ74";"Prem.Orta Sert Tekli Diş Fırçası";"1";"229.99";"229.99";"229.99";"238.00";"173.68";"";"";"KORU";"229.99";"[""COST_INCOMPLETE"",""CHANGE_TOO_SMALL""]";"Fiyat korunuyor";"KORU";"229.99";"[""COST_INCOMPLETE""]";"Fiyat korunuyor";"BUYBOX_OWNED";"cts_removed_keep"
"TYBD6OP7LCPK6R9592";"Deep Tıraş kolonyası 270 MLX3 (3 lü Paket)";"1";"899.18";"899.18";"900.00";"949.90";"520.41";"";"";"FIYAT_ARTIR";"899.9";"[""CHANGE_TOO_SMALL""]";"Buybox korunarak kontrollü kâr artışı yoklaması";"FIYAT_ARTIR";"899.9";"[]";"Buybox korunarak kontrollü kâr artışı yoklaması";"BUYBOX_OWNED";"cts_removed_profit_probe"
"TYBEEB53RUVBYSJ111";"Diamond Kadın Edp Parfüm 100 ml";"1";"739.45";"739.45";"739.45";"781.08";"730.28";"";"";"KORU";"739.45";"[""CHANGE_TOO_SMALL""]";"Fiyat korunuyor";"KORU";"739.45";"[]";"Fiyat korunuyor";"BUYBOX_OWNED";"cts_removed_keep"
"TYBG6D9D3JAN8XN016";"Lavanta Bambu Çubuklu Oda Kokusu 100 ml";"1";"466.32";"466.32";"468.45";"";"444.97";"";"";"FIYAT_ARTIR";"466.42";"[""CHANGE_TOO_SMALL""]";"Buybox korunarak kontrollü kâr artışı yoklaması";"FIYAT_ARTIR";"466.42";"[]";"Buybox korunarak kontrollü kâr artışı yoklaması";"BUYBOX_OWNED";"cts_removed_profit_probe"
"TYBERVFMLQR8KXST61";"Türk Kahvesi 100 gr X 3 adet";"1";"520.33";"520.33";"520.33";"548.00";"427.09";"";"";"KORU";"520.33";"[""CHANGE_TOO_SMALL""]";"Fiyat korunuyor";"KORU";"520.33";"[]";"Fiyat korunuyor";"BUYBOX_OWNED";"cts_removed_keep"
"TYBHQCCI3FHJQQ2241";"Cam limon kolonyasi x2 400 ml";"1";"744.89";"744.89";"744.99";"";"657.44";"";"";"KORU";"744.89";"[""CHANGE_TOO_SMALL""]";"Fiyat korunuyor";"KORU";"744.89";"[]";"Fiyat korunuyor";"BUYBOX_OWNED";"cts_removed_keep"
"TYBIPPEWXRMGLP0N55";"Mr. Green Temizlik Bezi Mr.green Mikrofiber Temizlik Bezi ( 5 Adet)";"1";"363.46";"363.46";"369.00";"454.00";"288.59";"";"";"FIYAT_ARTIR";"366.96";"[""CHANGE_TOO_SMALL""]";"Buybox korunarak kontrollü kâr artışı yoklaması";"FIYAT_ARTIR";"366.96";"[]";"Buybox korunarak kontrollü kâr artışı yoklaması";"BUYBOX_OWNED";"cts_removed_profit_probe"
"TYBKJVXHF219OB9A31";"Yuvarlak Makyaj Temizleme Pedi 70 Adet";"1";"178.52";"178.52";"178.52";"198.00";"173.56";"";"";"KORU";"178.52";"[""CHANGE_TOO_SMALL""]";"Fiyat korunuyor";"KORU";"178.52";"[]";"Fiyat korunuyor";"BUYBOX_OWNED";"cts_removed_keep"
"TYBKSWBZ0ZNWBM6264";"Actisoft Mutfak Temizleyici Limonlu Hızlı Etki Yüksek Performans";"1";"299.99";"299.99";"";"";"171.90";"";"";"KORU";"299.99";"[""COST_INCOMPLETE"",""CHANGE_TOO_SMALL""]";"Fiyat korunuyor";"KORU";"299.99";"[""COST_INCOMPLETE""]";"Fiyat korunuyor";"SOLE_SELLER";"cts_removed_keep"
"TYBLXHIU3PP8FE9615";"Rize Siyah Çay 1 kg x 6 Adet";"1";"1924.07";"1924.07";"1925.00";"1914.09";"1779.21";"";"";"FIYAT_ARTIR";"1924.9";"[""CHANGE_TOO_SMALL""]";"Buybox korunarak kontrollü kâr artışı yoklaması";"FIYAT_ARTIR";"1924.9";"[]";"Buybox korunarak kontrollü kâr artışı yoklaması";"BUYBOX_OWNED";"cts_removed_profit_probe"
"TYBM9GTY61NMUHEC75";"Dark Spice Duş Jeli 750 ml x 2";"1";"585.84";"585.84";"587.88";"";"585.84";"";"";"FIYAT_ARTIR";"587.78";"[""CHANGE_TOO_SMALL""]";"Buybox korunarak kontrollü kâr artışı yoklaması";"FIYAT_ARTIR";"587.78";"[]";"Buybox korunarak kontrollü kâr artışı yoklaması";"BUYBOX_OWNED";"cts_removed_profit_probe"
"TYBMKAU6PWTW4DP160";"Gold Erkek EDP Parfüm 100 ml";"1";"730.28";"730.28";"739.95";"781.08";"730.28";"";"";"FIYAT_ARTIR";"734.03";"[""CHANGE_TOO_SMALL""]";"Buybox korunarak kontrollü kâr artışı yoklaması";"FIYAT_ARTIR";"734.03";"[]";"Buybox korunarak kontrollü kâr artışı yoklaması";"BUYBOX_OWNED";"cts_removed_profit_probe"
"TYBNIV293OUS3NZN12";"Baldo Pirinç 2.5 KG";"1";"517.35";"517.35";"520.20";"529.90";"490.65";"";"";"FIYAT_ARTIR";"520.1";"[""CHANGE_TOO_SMALL""]";"Buybox korunarak kontrollü kâr artışı yoklaması";"FIYAT_ARTIR";"520.1";"[]";"Buybox korunarak kontrollü kâr artışı yoklaması";"BUYBOX_OWNED";"cts_removed_profit_probe"
"TYBNE1QAD4PWMO4266";"Rize Çay 1 kg";"1";"454.44";"454.44";"458.00";"560.00";"438.54";"";"";"FIYAT_ARTIR";"457.9";"[""CHANGE_TOO_SMALL""]";"Buybox korunarak kontrollü kâr artışı yoklaması";"FIYAT_ARTIR";"457.9";"[]";"Buybox korunarak kontrollü kâr artışı yoklaması";"BUYBOX_OWNED";"cts_removed_profit_probe"
"TYBOR73R5430C5S407";"Büyük Boy Çöp Torbası (3 Adet) 20'li";"1";"542.24";"542.24";"547.70";"630.00";"451.84";"";"";"FIYAT_ARTIR";"542.34";"[""CHANGE_TOO_SMALL""]";"Buybox korunarak kontrollü kâr artışı yoklaması";"FIYAT_ARTIR";"542.34";"[]";"Buybox korunarak kontrollü kâr artışı yoklaması";"BUYBOX_OWNED";"cts_removed_profit_probe"
"TYBOR44SF23NEOPW33";"Peçete 100'lü Pk 32 Li Set (1 Koli)";"1";"946.82";"946.82";"";"";"758.06";"";"";"KORU";"946.82";"[""CHANGE_TOO_SMALL""]";"Fiyat korunuyor";"KORU";"946.82";"[]";"Fiyat korunuyor";"SOLE_SELLER";"cts_removed_keep"
"TYBPXF6S04MS060577";"White Glow Vücut Spreyi 2 X 200 ml";"1";"578.20";"578.20";"578.20";"712.50";"573.49";"";"";"KORU";"578.2";"[""CHANGE_TOO_SMALL""]";"Fiyat korunuyor";"KORU";"578.2";"[]";"Fiyat korunuyor";"BUYBOX_OWNED";"cts_removed_keep"
"TYBOW8VXLAHG6UIL84";"Diş İpi Ferah";"1";"274.10";"274.10";"336.99";"348.00";"266.27";"";"";"FIYAT_ARTIR";"276.91";"[""CHANGE_TOO_SMALL""]";"Buybox korunarak kontrollü kâr artışı yoklaması";"FIYAT_ARTIR";"276.91";"[]";"Buybox korunarak kontrollü kâr artışı yoklaması";"BUYBOX_OWNED";"cts_removed_profit_probe"
"TYBPF2R6P2CTN22T46";"Magic Kadın EDP Parfüm 50 ml-TRNDYLDAYCAREMAGİCPARFÜM50ml";"1";"688.52";"688.52";"692.01";"684.52";"550.04";"";"";"FIYAT_ARTIR";"691.91";"[""CHANGE_TOO_SMALL""]";"Buybox korunarak kontrollü kâr artışı yoklaması";"FIYAT_ARTIR";"691.91";"[]";"Buybox korunarak kontrollü kâr artışı yoklaması";"BUYBOX_OWNED";"cts_removed_profit_probe"
"TYBOV516EKUY5D7479";"Peçete 100 'lü 32 Adet";"1";"926.60";"926.60";"";"";"758.06";"";"";"KORU";"926.6";"[""CHANGE_TOO_SMALL""]";"Fiyat korunuyor";"KORU";"926.6";"[]";"Fiyat korunuyor";"SOLE_SELLER";"cts_removed_keep"
"TYBOAYX7IK5VXMIP06";"Marine Edp 100 ml Erkek Parfüm";"1";"739.96";"739.96";"739.96";"781.08";"730.28";"";"";"KORU";"739.96";"[""CHANGE_TOO_SMALL""]";"Fiyat korunuyor";"KORU";"739.96";"[]";"Fiyat korunuyor";"BUYBOX_OWNED";"cts_removed_keep"
"TYBQQWB3NGVVOVEJ98";"Power Fix Saç Spreyi Kalıcı Dolgun Ve Elektriklenmeyen Saç Stilleri 3 Adet X 250 ml";"1";"760.00";"760.00";"760.00";"774.28";"193.25";"";"";"KORU";"760";"[""COST_INCOMPLETE"",""CHANGE_TOO_SMALL""]";"Fiyat korunuyor";"KORU";"760";"[""COST_INCOMPLETE""]";"Fiyat korunuyor";"BUYBOX_OWNED";"cts_removed_keep"
"TYBSNLXV5X60N4YU93";"Makarnası Tam Buğday Makarna Kalem Makarna 500 Gr Kalem Tam Buğday Makarna";"1";"268.80";"268.80";"268.90";"";"240.22";"";"";"KORU";"268.8";"[""CHANGE_TOO_SMALL""]";"Fiyat korunuyor";"KORU";"268.8";"[]";"Fiyat korunuyor";"BUYBOX_OWNED";"cts_removed_keep"
"TYBRLLCIK8BFEE4U63";"Acı Sarı Biberiye Turşusu 335 Gr x 4 Adet | Çıtır Cin Biber Turşusu | Doğal Sirkeli Meze";"1";"454.76";"454.76";"450.31";"878.00";"440.16";"";"";"KORU";"454.76";"[""CHANGE_TOO_SMALL""]";"Fiyat korunuyor";"KORU";"454.76";"[]";"Fiyat korunuyor";"BUYBOX_OWNED";"cts_removed_keep"
"TYBRGSANYW509YR535";"Strawberry, Peony & Musk Valentine's Day Special EDP Kadın 50 ml";"1";"887.99";"887.99";"";"";"193.25";"";"";"KORU";"887.99";"[""COST_INCOMPLETE"",""AUTO_UPDATE_DISABLED"",""CHANGE_TOO_SMALL""]";"Fiyat korunuyor";"KORU";"887.99";"[""COST_INCOMPLETE"",""AUTO_UPDATE_DISABLED""]";"Fiyat korunuyor";"SOLE_SELLER";"cts_removed_keep"
"TYBRRHWGU3U14KH700";"Karadeniz Çayı 500 Gr 3 Adet";"1";"600.00";"600.00";"899.99";"";"573.02";"";"";"FIYAT_ARTIR";"604.9";"[""CHANGE_TOO_SMALL""]";"Buybox korunarak kontrollü kâr artışı yoklaması";"FIYAT_ARTIR";"604.9";"[]";"Buybox korunarak kontrollü kâr artışı yoklaması";"BUYBOX_OWNED";"cts_removed_profit_probe"
"TYBT6IV0S1D3N9YE58";"Limon Kolonyası 400 ml 80 Derece 3 ADET";"1";"473.21";"473.21";"474.11";"";"381.52";"";"";"FIYAT_ARTIR";"474.01";"[""CHANGE_TOO_SMALL""]";"Buybox korunarak kontrollü kâr artışı yoklaması";"FIYAT_ARTIR";"474.01";"[]";"Buybox korunarak kontrollü kâr artışı yoklaması";"BUYBOX_OWNED";"cts_removed_profit_probe"
"TYBSVDSWPFKY65U861";"Soğuk Latte Kahve 250ml X 3 Adet";"1";"330.77";"330.77";"327.66";"330.87";"301.46";"";"";"KORU";"330.77";"[""CHANGE_TOO_SMALL""]";"Fiyat korunuyor";"KORU";"330.77";"[]";"Fiyat korunuyor";"BUYBOX_OWNED";"cts_removed_keep"
"TYBSVZ115T0TQBJA30";"Pure Kadın EDP Parfüm 100 ml";"1";"739.45";"739.45";"739.45";"781.08";"730.28";"";"";"KORU";"739.45";"[""CHANGE_TOO_SMALL""]";"Fiyat korunuyor";"KORU";"739.45";"[]";"Fiyat korunuyor";"BUYBOX_OWNED";"cts_removed_keep"
"TYBTU2WH9AT6G91E54";"Set 5 Adet Doğuş Demlik Poşet Çay Avantaj 30 gr 35li";"1";"3168.00";"3168.00";"3169.00";"";"2861.80";"";"";"FIYAT_ARTIR";"3168.9";"[""CHANGE_TOO_SMALL""]";"Buybox korunarak kontrollü kâr artışı yoklaması";"FIYAT_ARTIR";"3168.9";"[]";"Buybox korunarak kontrollü kâr artışı yoklaması";"BUYBOX_OWNED";"cts_removed_profit_probe"
"TYBV2GMCLD8MI3L051";"Bril Banyo Temizleyici 1000 ml 3 ADET";"1";"571.01";"571.01";"574.85";"655.69";"530.04";"";"";"FIYAT_ARTIR";"574.75";"[""CHANGE_TOO_SMALL""]";"Buybox korunarak kontrollü kâr artışı yoklaması";"FIYAT_ARTIR";"574.75";"[]";"Buybox korunarak kontrollü kâr artışı yoklaması";"BUYBOX_OWNED";"cts_removed_profit_probe"
"TYBUW41VN47C3R6J66";"Guatemala Filtre Kahve 250 gr x 3";"1";"1192.64";"1192.64";"1195.08";"1206.46";"1013.89";"";"";"FIYAT_ARTIR";"1194.98";"[""CHANGE_TOO_SMALL""]";"Buybox korunarak kontrollü kâr artışı yoklaması";"FIYAT_ARTIR";"1194.98";"[]";"Buybox korunarak kontrollü kâr artışı yoklaması";"BUYBOX_OWNED";"cts_removed_profit_probe"
"TYBTRQEBKK20D6YF97";"Islak Havlu Mendil 50 li 10 Adet";"1";"494.05";"494.05";"499.00";"";"393.52";"";"";"FIYAT_ARTIR";"498.9";"[""CHANGE_TOO_SMALL""]";"Buybox korunarak kontrollü kâr artışı yoklaması";"FIYAT_ARTIR";"498.9";"[]";"Buybox korunarak kontrollü kâr artışı yoklaması";"BUYBOX_OWNED";"cts_removed_profit_probe"
"TYBU1CCWM847BYOQ14";"Earl Grey Poşet Çay 48'li 2 Paket 96 Adet";"1";"328.01";"328.01";"498.90";"";"311.52";"";"";"FIYAT_ARTIR";"332.91";"[""CHANGE_TOO_SMALL""]";"Buybox korunarak kontrollü kâr artışı yoklaması";"FIYAT_ARTIR";"332.91";"[]";"Buybox korunarak kontrollü kâr artışı yoklaması";"BUYBOX_OWNED";"cts_removed_profit_probe"
"TYBZ12A9FTB74P3B22";"Fındıklı Süt Reçeli 270gr Marketimgo";"1";"321.21";"321.21";"330.28";"317.72";"324.30";"";"";"MIN_FIYATA_TOPARLA";"324.3";"[""CHANGE_TOO_SMALL""]";"Minimum fiyata güvenli toparlama";"MIN_FIYATA_TOPARLA";"324.3";"[]";"Minimum fiyata güvenli toparlama";"BUYBOX_OWNED";"cts_removed_min_recovery"
"TYBWMFB9T98G0TH456";"Islak Havlu Mendil 50 li 10 Adet";"1";"494.05";"494.05";"499.00";"641.25";"393.52";"";"";"FIYAT_ARTIR";"498.9";"[""CHANGE_TOO_SMALL""]";"Buybox korunarak kontrollü kâr artışı yoklaması";"FIYAT_ARTIR";"498.9";"[]";"Buybox korunarak kontrollü kâr artışı yoklaması";"BUYBOX_OWNED";"cts_removed_profit_probe"
"TYBWQ1Q29VQBHYIA24";"Glutensiz Katkısız Kakaolu Fındık Kreması 2 Adet X 350 gr";"1";"754.98";"754.98";"750.00";"919.08";"754.98";"";"";"KORU";"754.98";"[""CHANGE_TOO_SMALL""]";"Fiyat korunuyor";"KORU";"754.98";"[]";"Fiyat korunuyor";"BUYBOX_OWNED";"cts_removed_keep"
"TYBXVEKS5JZ3WSIJ95";"Ekstra Yağ Çözücü Sensitive Bulaşık Deterjanı 750 ml X 3 Adet";"1";"447.30";"447.30";"447.30";"459.08";"421.94";"";"";"KORU";"447.3";"[""CHANGE_TOO_SMALL""]";"Fiyat korunuyor";"KORU";"447.3";"[]";"Fiyat korunuyor";"BUYBOX_OWNED";"cts_removed_keep"
"ülkerkakao6lı";"Kakao 1 Kg x 6 Paket";"1";"7499.99";"7499.99";"";"";"6948.04";"";"";"KORU";"7499.99";"[""CHANGE_TOO_SMALL""]";"Fiyat korunuyor";"KORU";"7499.99";"[]";"Fiyat korunuyor";"SOLE_SELLER";"cts_removed_keep"
"TYBZYD61EOYRYN1O97";"Zeytinyagli dus jeli 750 ml x 2";"1";"585.84";"585.84";"587.88";"";"585.84";"";"";"FIYAT_ARTIR";"587.78";"[""CHANGE_TOO_SMALL""]";"Buybox korunarak kontrollü kâr artışı yoklaması";"FIYAT_ARTIR";"587.78";"[]";"Buybox korunarak kontrollü kâr artışı yoklaması";"BUYBOX_OWNED";"cts_removed_profit_probe"
"86956668901321";"Bebek Kulak Temizleme Pamuğu 72’li – Kağıt Çubuklu Doğal Pamuklu Kulak Çubuğu";"1";"311.56";"311.56";"345.00";"349.00";"267.73";"";"";"FIYAT_ARTIR";"315.31";"[""CHANGE_TOO_SMALL""]";"Buybox korunarak kontrollü kâr artışı yoklaması";"FIYAT_ARTIR";"315.31";"[]";"Buybox korunarak kontrollü kâr artışı yoklaması";"BUYBOX_OWNED";"cts_removed_profit_probe"
"TYBYTRZ3POGT666O72";"Bulaşık Makinası Tuzu 1500 Gr";"1";"251.00";"251.00";"256.00";"275.08";"208.05";"";"";"FIYAT_ARTIR";"255.9";"[""CHANGE_TOO_SMALL""]";"Buybox korunarak kontrollü kâr artışı yoklaması";"FIYAT_ARTIR";"255.9";"[]";"Buybox korunarak kontrollü kâr artışı yoklaması";"BUYBOX_OWNED";"cts_removed_profit_probe"
"50003691244616";"Black + Night parfüm 2 li set";"1";"575.00";"575.00";"650.00";"";"563.62";"";"";"FIYAT_ARTIR";"578.75";"[""CHANGE_TOO_SMALL""]";"Buybox korunarak kontrollü kâr artışı yoklaması";"FIYAT_ARTIR";"578.75";"[]";"Buybox korunarak kontrollü kâr artışı yoklaması";"BUYBOX_OWNED";"cts_removed_profit_probe"
"5056O691244616";"Black Parfüm 2 adet";"1";"599.04";"599.04";"600.62";"650.00";"563.62";"";"";"FIYAT_ARTIR";"600.52";"[""CHANGE_TOO_SMALL""]";"Buybox korunarak kontrollü kâr artışı yoklaması";"FIYAT_ARTIR";"600.52";"[]";"Buybox korunarak kontrollü kâr artışı yoklaması";"BUYBOX_OWNED";"cts_removed_profit_probe"
"55989898965646";"Papaya Özlü Glutensiz Diş Macunu";"1";"321.17";"321.17";"330.28";"";"295.90";"";"";"FIYAT_ARTIR";"324.92";"[""CHANGE_TOO_SMALL""]";"Buybox korunarak kontrollü kâr artışı yoklaması";"FIYAT_ARTIR";"324.92";"[]";"Buybox korunarak kontrollü kâr artışı yoklaması";"BUYBOX_OWNED";"cts_removed_profit_probe"
"31122025HKN00462";"Antep Fıstık Kaplı Hurma Topu 96g x 2 Adet";"1";"438.90";"438.90";"434.61";"445.22";"425.35";"";"";"KORU";"438.9";"[""CHANGE_TOO_SMALL""]";"Fiyat korunuyor";"KORU";"438.9";"[]";"Fiyat korunuyor";"BUYBOX_OWNED";"cts_removed_keep"
"5050136875120";"Pure & Charm 2'li set Kadın Edp Parfüm 100ml + 50ml";"1";"1243.68";"1243.68";"1243.68";"1296.28";"1087.07";"";"";"KORU";"1243.68";"[""CHANGE_TOO_SMALL""]";"Fiyat korunuyor";"KORU";"1243.68";"[]";"Fiyat korunuyor";"BUYBOX_OWNED";"cts_removed_keep"
"868025566205158680256621765";"Kuru Fasulye + Pilav Paketi (8 mm Kuru Fasulye + Osmancık Pirinç)";"1";"375.96";"375.96";"";"";"375.96";"";"";"KORU";"375.96";"[""CHANGE_TOO_SMALL""]";"Fiyat korunuyor";"KORU";"375.96";"[]";"Fiyat korunuyor";"SOLE_SELLER";"cts_removed_keep"
"8681763309472";"Dark erkek edp parfüm 2 adet X 100 ml";"1";"1285.68";"1285.68";"1360.68";"1383.01";"1267.32";"";"";"FIYAT_ARTIR";"1290.17";"[""CHANGE_TOO_SMALL""]";"Buybox korunarak kontrollü kâr artışı yoklaması";"FIYAT_ARTIR";"1290.17";"[]";"Buybox korunarak kontrollü kâr artışı yoklaması";"BUYBOX_OWNED";"cts_removed_profit_probe"
"8680256621215";"Kırmızı Mercimek 1 Kg";"1";"253.93";"253.93";"";"";"253.93";"";"";"KORU";"253.93";"[""CHANGE_TOO_SMALL""]";"Fiyat korunuyor";"KORU";"253.93";"[]";"Fiyat korunuyor";"SOLE_SELLER";"cts_removed_keep"
"8680218374849";"Lüks Medjoul Hurma Yumuşak Etli Büyük Boy 4 Adet X 300 gr";"1";"1660.65";"1660.65";"1728.68";"1782.79";"1415.47";"";"";"FIYAT_ARTIR";"1664.66";"[""CHANGE_TOO_SMALL""]";"Buybox korunarak kontrollü kâr artışı yoklaması";"FIYAT_ARTIR";"1664.66";"[]";"Buybox korunarak kontrollü kâr artışı yoklaması";"BUYBOX_OWNED";"cts_removed_profit_probe"
"8680256621277";"Futbol Mercimek 1 Kg";"1";"253.93";"253.93";"";"";"253.93";"";"";"KORU";"253.93";"[""CHANGE_TOO_SMALL""]";"Fiyat korunuyor";"KORU";"253.93";"[]";"Fiyat korunuyor";"SOLE_SELLER";"cts_removed_keep"
"8684992035558";"%5 Üre Vücut Losyonu 300 ml x 2 Adet – Kuru Ciltler İçin Nemlendirici Bakım Seti";"1";"617.88";"617.88";"615.48";"665.83";"598.19";"";"";"KORU";"617.88";"[""CHANGE_TOO_SMALL""]";"Fiyat korunuyor";"KORU";"617.88";"[]";"Fiyat korunuyor";"BUYBOX_OWNED";"cts_removed_keep"
"8690210570839";"Tropikal Duş Jeli Yedek Dolum Paketi 2x1500 ml (3000 ml Toplam Hacim)";"1";"985.10";"985.10";"980.10";"989.90";"798.19";"";"";"KORU";"985.1";"[""CHANGE_TOO_SMALL""]";"Fiyat korunuyor";"KORU";"985.1";"[]";"Fiyat korunuyor";"BUYBOX_OWNED";"cts_removed_keep"
"8683198005351";"Şeker İlavesiz Karadut Reçeli Ekstra Geleneksel 2 Adet x 275 gr";"1";"578.80";"578.80";"574.79";"580.50";"548.80";"";"";"KORU";"578.8";"[""CHANGE_TOO_SMALL""]";"Fiyat korunuyor";"KORU";"578.8";"[]";"Fiyat korunuyor";"BUYBOX_OWNED";"cts_removed_keep"
"8690521024830";"Tam Buğdaylı Bisküvi 393 G x 4 Adet - Yüksek Lifli Doyurucu Atıştırmalık Paket";"1";"457.08";"457.08";"459.08";"459.36";"447.57";"";"";"FIYAT_ARTIR";"458.98";"[""CHANGE_TOO_SMALL""]";"Buybox korunarak kontrollü kâr artışı yoklaması";"FIYAT_ARTIR";"458.98";"[]";"Buybox korunarak kontrollü kâr artışı yoklaması";"BUYBOX_OWNED";"cts_removed_profit_probe"
"8690103423172";"Riviera zeytinyağı 4 Adet x 1000 ml";"1";"1975.37";"1975.37";"2671.77";"2672.01";"1631.56";"";"";"FIYAT_ARTIR";"1976.95";"[""CHANGE_TOO_SMALL""]";"Buybox korunarak kontrollü kâr artışı yoklaması";"FIYAT_ARTIR";"1976.95";"[]";"Buybox korunarak kontrollü kâr artışı yoklaması";"BUYBOX_OWNED";"cts_removed_profit_probe"
"8695000722355";"Diamond Kadın Parfüm EDP 100 ML – 2’li Set";"1";"1711.28";"1711.28";"1709.00";"1749.00";"1267.32";"";"";"KORU";"1711.28";"[""CHANGE_TOO_SMALL""]";"Fiyat korunuyor";"KORU";"1711.28";"[]";"Fiyat korunuyor";"BUYBOX_OWNED";"cts_removed_keep"
"8690555100876";"Colombia Medium Filtre Kahve 250 g";"1";"593.39";"593.39";"597.08";"605.19";"462.08";"";"";"FIYAT_ARTIR";"596.98";"[""CHANGE_TOO_SMALL""]";"Buybox korunarak kontrollü kâr artışı yoklaması";"FIYAT_ARTIR";"596.98";"[]";"Buybox korunarak kontrollü kâr artışı yoklaması";"BUYBOX_OWNED";"cts_removed_profit_probe"
"8690530033913";"Yeşil Çaylı Kolonya 4 Adet X 200 ml";"1";"892.65";"892.65";"978.71";"1016.21";"859.91";"";"";"FIYAT_ARTIR";"896.4";"[""CHANGE_TOO_SMALL""]";"Buybox korunarak kontrollü kâr artışı yoklaması";"FIYAT_ARTIR";"896.4";"[]";"Buybox korunarak kontrollü kâr artışı yoklaması";"BUYBOX_OWNED";"cts_removed_profit_probe"
"8690530033912";"Bahar Kolonya 4 Adet X 200ml";"1";"948.05";"948.05";"949.05";"999.70";"857.44";"";"";"FIYAT_ARTIR";"948.95";"[""CHANGE_TOO_SMALL""]";"Buybox korunarak kontrollü kâr artışı yoklaması";"FIYAT_ARTIR";"948.95";"[]";"Buybox korunarak kontrollü kâr artışı yoklaması";"BUYBOX_OWNED";"cts_removed_profit_probe"
"86935139261833";"Tam koruma ve beyazlatıcı diş macunu 3 Adet X 75 ml";"1";"613.65";"613.65";"622.36";"1349.00";"505.59";"";"";"FIYAT_ARTIR";"617.4";"[""CHANGE_TOO_SMALL""]";"Buybox korunarak kontrollü kâr artışı yoklaması";"FIYAT_ARTIR";"617.4";"[]";"Buybox korunarak kontrollü kâr artışı yoklaması";"BUYBOX_OWNED";"cts_removed_profit_probe"
"86950254587";"Filtre Kahve Colombia 250 Gr X 2 Adet";"1";"743.73";"743.73";"783.75";"823.95";"737.99";"";"";"FIYAT_ARTIR";"743.83";"[""CHANGE_TOO_SMALL""]";"Buybox korunarak kontrollü kâr artışı yoklaması";"FIYAT_ARTIR";"743.83";"[]";"Buybox korunarak kontrollü kâr artışı yoklaması";"BUYBOX_OWNED";"cts_removed_profit_probe"
"8695000111877";"Gold Eau De Parfum For Men 100 ml Erkek Parfüm";"1";"957.32";"957.32";"955.00";"989.00";"730.28";"";"";"KORU";"957.32";"[""CHANGE_TOO_SMALL""]";"Fiyat korunuyor";"KORU";"957.32";"[]";"Fiyat korunuyor";"BUYBOX_OWNED";"cts_removed_keep"
"869502154587";"Kavrulmuş Filtre Kahve Guatemala 250 gr X 2 Adet";"1";"743.73";"743.73";"783.75";"810.33";"737.99";"";"";"FIYAT_ARTIR";"743.83";"[""CHANGE_TOO_SMALL""]";"Buybox korunarak kontrollü kâr artışı yoklaması";"FIYAT_ARTIR";"743.83";"[]";"Buybox korunarak kontrollü kâr artışı yoklaması";"BUYBOX_OWNED";"cts_removed_profit_probe"
"869507752412";"Bebek Bezi Junior (12-25 Kg) 2*32 64 Lü";"1";"826.50";"826.50";"828.78";"949.05";"679.69";"";"";"FIYAT_ARTIR";"828.68";"[""CHANGE_TOO_SMALL""]";"Buybox korunarak kontrollü kâr artışı yoklaması";"FIYAT_ARTIR";"828.68";"[]";"Buybox korunarak kontrollü kâr artışı yoklaması";"BUYBOX_OWNED";"cts_removed_profit_probe"
"869507725452124";"Bebek Bezi Maxi (8-18 Kg ) 44 *2 88 Li Jenny&willy";"1";"835.50";"835.50";"888.48";"1634.00";"679.69";"";"";"FIYAT_ARTIR";"839.25";"[""CHANGE_TOO_SMALL""]";"Buybox korunarak kontrollü kâr artışı yoklaması";"FIYAT_ARTIR";"839.25";"[]";"Buybox korunarak kontrollü kâr artışı yoklaması";"BUYBOX_OWNED";"cts_removed_profit_probe"
"869526255229";"Siyah Çay Demlik Poşet Çay 48'li x 3 Paket";"1";"433.76";"433.76";"437.08";"433.64";"395.27";"";"";"FIYAT_ARTIR";"436.98";"[""CHANGE_TOO_SMALL""]";"Buybox korunarak kontrollü kâr artışı yoklaması";"FIYAT_ARTIR";"436.98";"[]";"Buybox korunarak kontrollü kâr artışı yoklaması";"BUYBOX_OWNED";"cts_removed_profit_probe"
"8695653254856";"Tropikal El Kremi 30 ml x 2 Adet";"1";"282.54";"282.54";"289.80";"312.17";"274.91";"";"";"FIYAT_ARTIR";"286.29";"[""CHANGE_TOO_SMALL""]";"Buybox korunarak kontrollü kâr artışı yoklaması";"FIYAT_ARTIR";"286.29";"[]";"Buybox korunarak kontrollü kâr artışı yoklaması";"BUYBOX_OWNED";"cts_removed_profit_probe"
"8695656592314";"Bergamot Aramalı Siyah Çay 500grx3 Paket";"1";"749.00";"749.00";"760.00";"1011.08";"728.20";"";"";"FIYAT_ARTIR";"749.46";"[""CHANGE_TOO_SMALL""]";"Buybox korunarak kontrollü kâr artışı yoklaması";"FIYAT_ARTIR";"749.46";"[]";"Buybox korunarak kontrollü kâr artışı yoklaması";"BUYBOX_OWNED";"cts_removed_profit_probe"
"8695254875636";"Shea Ve Avokado Şampuan 600 ml X 2 Adet";"1";"630.00";"630.00";"635.00";"690.97";"622.88";"";"";"FIYAT_ARTIR";"634.9";"[""CHANGE_TOO_SMALL""]";"Buybox korunarak kontrollü kâr artışı yoklaması";"FIYAT_ARTIR";"634.9";"[]";"Buybox korunarak kontrollü kâr artışı yoklaması";"BUYBOX_OWNED";"cts_removed_profit_probe"
"86952658785";"YÜZ SIR AĞDA BANDI DAYCARE 20 Lİ PAKET X5 ADET";"1";"873.99";"873.99";"919.08";"926.07";"693.25";"";"";"FIYAT_ARTIR";"878.64";"[""CHANGE_TOO_SMALL""]";"Buybox korunarak kontrollü kâr artışı yoklaması";"FIYAT_ARTIR";"878.64";"[]";"Buybox korunarak kontrollü kâr artışı yoklaması";"BUYBOX_OWNED";"cts_removed_profit_probe"
"86950785256";"Beyazlar ve renkliler için sıvı çamaşır deterjanı 1500ml X 4 adet";"1";"896.01";"896.01";"891.13";"1099.00";"845.13";"";"";"KORU";"896.01";"[""CHANGE_TOO_SMALL""]";"Fiyat korunuyor";"KORU";"896.01";"[]";"Fiyat korunuyor";"BUYBOX_OWNED";"cts_removed_keep"
"8695444098711";"2’li Gold Eau De Parfum For Men 100 ml Erkek Parfüm Seti";"1";"1652.84";"1652.84";"1655.08";"1713.92";"1267.32";"";"";"FIYAT_ARTIR";"1654.98";"[""CHANGE_TOO_SMALL""]";"Buybox korunarak kontrollü kâr artışı yoklaması";"FIYAT_ARTIR";"1654.98";"[]";"Buybox korunarak kontrollü kâr artışı yoklaması";"BUYBOX_OWNED";"cts_removed_profit_probe"
"86950775565511";"Islak Bebek Havlusu";"1";"295.90";"295.90";"597.55";"";"286.84";"";"";"FIYAT_ARTIR";"299.9";"[""CHANGE_TOO_SMALL""]";"Buybox korunarak kontrollü kâr artışı yoklaması";"FIYAT_ARTIR";"299.9";"[]";"Buybox korunarak kontrollü kâr artışı yoklaması";"BUYBOX_OWNED";"cts_removed_profit_probe"
"8776266876788888";"Harra kabak iç çekirdeği 150 gr";"1";"315.60";"315.60";"330.28";"338.85";"297.14";"";"";"FIYAT_ARTIR";"319.35";"[""CHANGE_TOO_SMALL""]";"Buybox korunarak kontrollü kâr artışı yoklaması";"FIYAT_ARTIR";"319.35";"[]";"Buybox korunarak kontrollü kâr artışı yoklaması";"BUYBOX_OWNED";"cts_removed_profit_probe"
"daycarepuredark";"Pure&Dark Kadın ve Erkek Parfümü 2 x 100 ml";"1";"1272.14";"1272.14";"1273.14";"1314.68";"1267.32";"";"";"FIYAT_ARTIR";"1272.24";"[""CHANGE_TOO_SMALL""]";"Buybox korunarak kontrollü kâr artışı yoklaması";"FIYAT_ARTIR";"1272.24";"[]";"Buybox korunarak kontrollü kâr artışı yoklaması";"BUYBOX_OWNED";"cts_removed_profit_probe"
"daycareduş4lü";"Dark - Avokado - Tropikal - Zeytinyağlı Duş Jeli 4lü Set";"1";"1130.88";"1130.88";"1195.08";"1482.00";"1005.47";"";"";"FIYAT_ARTIR";"1134.93";"[""CHANGE_TOO_SMALL""]";"Buybox korunarak kontrollü kâr artışı yoklaması";"FIYAT_ARTIR";"1134.93";"[]";"Buybox korunarak kontrollü kâr artışı yoklaması";"BUYBOX_OWNED";"cts_removed_profit_probe"
"daycarelimonzeytinset";"Kolonya Seti Limon & Zeytin Çiçeği 80° 100 ml Sprey (2’li Set)";"1";"319.00";"319.00";"318.00";"345.00";"284.79";"";"";"KORU";"319";"[""CHANGE_TOO_SMALL""]";"Fiyat korunuyor";"KORU";"319";"[]";"Fiyat korunuyor";"BUYBOX_OWNED";"cts_removed_keep"
"88705454747";"DYNAMIC Ahududu Duş Jeli 500ml 3 ADET";"1";"494.80";"494.80";"494.80";"";"461.64";"";"";"KORU";"494.8";"[""CHANGE_TOO_SMALL""]";"Fiyat korunuyor";"KORU";"494.8";"[]";"Fiyat korunuyor";"BUYBOX_OWNED";"cts_removed_keep"
"DYC000061";"Baby Powder&Sweet Vanillia Gliserinli E Vitaminli El Kremi 2'li Set 75 ml";"1";"339.33";"339.33";"390.00";"459.08";"272.44";"";"";"FIYAT_ARTIR";"343.08";"[""CHANGE_TOO_SMALL""]";"Buybox korunarak kontrollü kâr artışı yoklaması";"FIYAT_ARTIR";"343.08";"[]";"Buybox korunarak kontrollü kâr artışı yoklaması";"BUYBOX_OWNED";"cts_removed_profit_probe"
"FAFE840DO4";"Sensitive Islak Bebek Havlusu 60x3 - 4 Adet 3 lü Paket";"1";"790.01";"790.01";"";"";"630.85";"";"";"KORU";"790.01";"[""CHANGE_TOO_SMALL""]";"Fiyat korunuyor";"KORU";"790.01";"[]";"Fiyat korunuyor";"BUYBOX_OWNED";"cts_removed_keep"
"TXA30C0D012924";"Cam Şişe Yeşil Çay Kolonya 200 ml (3 ADET)";"1";"869.32";"869.32";"873.08";"879.20";"693.25";"";"";"FIYAT_ARTIR";"872.98";"[""CHANGE_TOO_SMALL""]";"Buybox korunarak kontrollü kâr artışı yoklaması";"FIYAT_ARTIR";"872.98";"[]";"Buybox korunarak kontrollü kâr artışı yoklaması";"BUYBOX_OWNED";"cts_removed_profit_probe"
"kakolubiskuvi";"Kakao Fındık Kremalı Yulaflı Bisküvi 240 g x 3 Adet";"1";"723.42";"723.42";"781.08";"1092.50";"652.51";"";"";"FIYAT_ARTIR";"727.46";"[""CHANGE_TOO_SMALL""]";"Buybox korunarak kontrollü kâr artışı yoklaması";"FIYAT_ARTIR";"727.46";"[]";"Buybox korunarak kontrollü kâr artışı yoklaması";"BUYBOX_OWNED";"cts_removed_profit_probe"
"HRS00014";"Şeker İlavesiz %65 Karadut Reçel 275 g x 2 Adet";"1";"584.72";"584.72";"595.00";"594.90";"548.80";"";"";"FIYAT_ARTIR";"584.88";"[""CHANGE_TOO_SMALL""]";"Buybox korunarak kontrollü kâr artışı yoklaması";"FIYAT_ARTIR";"584.88";"[]";"Buybox korunarak kontrollü kâr artışı yoklaması";"BUYBOX_OWNED";"cts_removed_profit_probe"
"HRS00006";"Şeker İlavesiz %65 Vişneli Reçel 275 g x 2 Adet";"1";"574.05";"574.05";"595.00";"594.01";"548.80";"";"";"FIYAT_ARTIR";"577.72";"[""CHANGE_TOO_SMALL""]";"Buybox korunarak kontrollü kâr artışı yoklaması";"FIYAT_ARTIR";"577.72";"[]";"Buybox korunarak kontrollü kâr artışı yoklaması";"BUYBOX_OWNED";"cts_removed_profit_probe"
"TXA30C0D012927";"Cam Şişe Mimoza Kolonya 200 ml (3 ADET)";"1";"919.00";"919.00";"919.90";"";"711.77";"";"";"FIYAT_ARTIR";"919.8";"[""CHANGE_TOO_SMALL""]";"Buybox korunarak kontrollü kâr artışı yoklaması";"FIYAT_ARTIR";"919.8";"[]";"Buybox korunarak kontrollü kâr artışı yoklaması";"BUYBOX_OWNED";"cts_removed_profit_probe"
"sampuancapitol";"Şampuan Boyalı ve Yıpranmış Saçlar İçin 700 ml x 3 Adet";"1";"952.78";"952.78";"957.78";"969.99";"800.53";"";"";"FIYAT_ARTIR";"957.68";"[""CHANGE_TOO_SMALL""]";"Buybox korunarak kontrollü kâr artışı yoklaması";"FIYAT_ARTIR";"957.68";"[]";"Buybox korunarak kontrollü kâr artışı yoklaması";"BUYBOX_OWNED";"cts_removed_profit_probe"
"TYB5ZQ9P4GKOO4NG43";"Sport EDP 50 ml Erkek  Parfüm";"1";"731.25";"731.25";"733.71";"781.08";"550.04";"";"";"FIYAT_ARTIR";"733.61";"[""CHANGE_TOO_SMALL""]";"Buybox korunarak kontrollü kâr artışı yoklaması";"FIYAT_ARTIR";"733.61";"[]";"Buybox korunarak kontrollü kâr artışı yoklaması";"BUYBOX_OWNED";"cts_removed_profit_probe"
"TYB2V39EZYEYRH7R06";"Antep Fıstığı Kaplı Hurma Topları 96 GR";"1";"336.71";"336.71";"339.30";"486.68";"290.96";"";"";"FIYAT_ARTIR";"339.2";"[""CHANGE_TOO_SMALL""]";"Buybox korunarak kontrollü kâr artışı yoklaması";"FIYAT_ARTIR";"339.2";"[]";"Buybox korunarak kontrollü kâr artışı yoklaması";"BUYBOX_OWNED";"cts_removed_profit_probe"
"TYB66ZP5E8RN2PCR66";"Amonyaklı Temizleyici 750 ml (2 Adet)";"1";"443.31";"443.31";"443.31";"458.00";"356.06";"";"";"KORU";"443.31";"[""CHANGE_TOO_SMALL""]";"Fiyat korunuyor";"KORU";"443.31";"[]";"Fiyat korunuyor";"BUYBOX_OWNED";"cts_removed_keep"
"TYB9P1HXEE5O4ACA80";"Cam Şişe Limon Kolonyası 2 x 400 ml";"1";"877.52";"877.52";"891.04";"";"678.43";"";"";"FIYAT_ARTIR";"881.27";"[""CHANGE_TOO_SMALL""]";"Buybox korunarak kontrollü kâr artışı yoklaması";"FIYAT_ARTIR";"881.27";"[]";"Buybox korunarak kontrollü kâr artışı yoklaması";"BUYBOX_OWNED";"cts_removed_profit_probe"
"TYBEE68NOI1M39OO73";"REFRESH Deodorant Women 150 ml (ANTI - PERSPIRANT) 3 adet";"1";"620.93";"620.93";"629.00";"643.08";"498.19";"";"";"FIYAT_ARTIR";"624.68";"[""CHANGE_TOO_SMALL""]";"Buybox korunarak kontrollü kâr artışı yoklaması";"FIYAT_ARTIR";"624.68";"[]";"Buybox korunarak kontrollü kâr artışı yoklaması";"BUYBOX_OWNED";"cts_removed_profit_probe"
"TYBF0X9OO4X0BUM699";"Islak Havlu Mendil 100 lü 10 adet";"1";"998.69";"998.69";"999.00";"";"800.50";"";"";"FIYAT_ARTIR";"998.9";"[""CHANGE_TOO_SMALL""]";"Buybox korunarak kontrollü kâr artışı yoklaması";"FIYAT_ARTIR";"998.9";"[]";"Buybox korunarak kontrollü kâr artışı yoklaması";"BUYBOX_OWNED";"cts_removed_profit_probe"
"TYBEZW4PFKLOM64S42";"Bergamot Aromalı Siyah Çay 500 gr";"1";"383.38";"383.38";"381.16";"414.90";"362.68";"";"";"KORU";"383.38";"[""CHANGE_TOO_SMALL""]";"Fiyat korunuyor";"KORU";"383.38";"[]";"Fiyat korunuyor";"BUYBOX_OWNED";"cts_removed_keep"
"TYBNU3EM9A5KGJWA79";"Değirmen Kapak Karabiber 50 gr & Tane Karabiber 100 gr";"1";"467.35";"467.35";"468.28";"467.35";"460.53";"";"";"FIYAT_ARTIR";"467.45";"[""CHANGE_TOO_SMALL""]";"Buybox korunarak kontrollü kâr artışı yoklaması";"FIYAT_ARTIR";"467.45";"[]";"Buybox korunarak kontrollü kâr artışı yoklaması";"BUYBOX_OWNED";"cts_removed_profit_probe"
"TYBLY02CC7QRAV4V48";"Sensitive Islak Bebek Havlusu 60 Yapra (3 Adet 3 lü Paket)";"1";"660.46";"660.46";"674.90";"";"521.55";"";"";"FIYAT_ARTIR";"660.93";"[""CHANGE_TOO_SMALL""]";"Buybox korunarak kontrollü kâr artışı yoklaması";"FIYAT_ARTIR";"660.93";"[]";"Buybox korunarak kontrollü kâr artışı yoklaması";"BUYBOX_OWNED";"cts_removed_profit_probe"
"TYBIAXA2P73W1SJX26";"Zeytinyağlı Duş Jeli 750 ml";"1";"393.83";"393.83";"398.00";"";"395.72";"";"";"MIN_FIYATA_TOPARLA";"395.72";"[""CHANGE_TOO_SMALL""]";"Minimum fiyata güvenli toparlama";"MIN_FIYATA_TOPARLA";"395.72";"[]";"Minimum fiyata güvenli toparlama";"BUYBOX_OWNED";"cts_removed_min_recovery"
"TYBM0AHSAASAZO0V52";"Kuru İncir 300 g";"1";"458.00";"458.00";"458.00";"467.00";"193.25";"";"";"KORU";"458";"[""COST_INCOMPLETE"",""CHANGE_TOO_SMALL""]";"Fiyat korunuyor";"KORU";"458";"[""COST_INCOMPLETE""]";"Fiyat korunuyor";"BUYBOX_OWNED";"cts_removed_keep"
"TYBITZSJZ89PDMHY59";"Hipoalerjenik Yüzey Temizleyici 1500 Ml X 2 Adet Yeni Ürün";"1";"401.72";"401.72";"401.72";"488.00";"401.72";"";"";"KORU";"401.72";"[""CHANGE_TOO_SMALL""]";"Fiyat korunuyor";"KORU";"401.72";"[]";"Fiyat korunuyor";"BUYBOX_OWNED";"cts_removed_keep"
"TYBV9OL6JHWP3NPW75";"Tropikal Duş Jeli 750 ML x 2";"1";"585.84";"585.84";"587.88";"";"585.84";"";"";"FIYAT_ARTIR";"587.78";"[""CHANGE_TOO_SMALL""]";"Buybox korunarak kontrollü kâr artışı yoklaması";"FIYAT_ARTIR";"587.78";"[]";"Buybox korunarak kontrollü kâr artışı yoklaması";"BUYBOX_OWNED";"cts_removed_profit_probe"
"TYBO9LOXKKW5FKB773";"Filiz Çay 1 kg";"1";"474.39";"474.39";"478.00";"582.55";"454.63";"";"";"FIYAT_ARTIR";"477.9";"[""CHANGE_TOO_SMALL""]";"Buybox korunarak kontrollü kâr artışı yoklaması";"FIYAT_ARTIR";"477.9";"[]";"Buybox korunarak kontrollü kâr artışı yoklaması";"BUYBOX_OWNED";"cts_removed_profit_probe"
"TYBRY81E7V97ERGV12";"Bulaşık Deterjanı 3'lü Set 3x750 ml";"1";"438.67";"438.67";"438.67";"440.81";"421.94";"";"";"KORU";"438.67";"[""CHANGE_TOO_SMALL""]";"Fiyat korunuyor";"KORU";"438.67";"[]";"Fiyat korunuyor";"BUYBOX_OWNED";"cts_removed_keep"
"TYBTEYPL9DF75G2N33";"Bulaşık Makina Parlatıcı 450ml (2 Adet)";"1";"278.54";"278.54";"";"";"273.11";"";"";"KORU";"278.54";"[""CHANGE_TOO_SMALL""]";"Fiyat korunuyor";"KORU";"278.54";"[]";"Fiyat korunuyor";"BUYBOX_OWNED";"cts_removed_keep"
"TYBTNP4E3ITZ45AB86";"Tropikal Duş Jeli 750 ml";"1";"393.83";"393.83";"398.00";"";"395.72";"";"";"MIN_FIYATA_TOPARLA";"395.72";"[""CHANGE_TOO_SMALL""]";"Minimum fiyata güvenli toparlama";"MIN_FIYATA_TOPARLA";"395.72";"[]";"Minimum fiyata güvenli toparlama";"BUYBOX_OWNED";"cts_removed_min_recovery"
"8695077153302";"Kepeğe Karşı Etkili Men Şampuan 400 ml";"2";"309.40";"302.68";"309.40";"315.00";"310.72";"";"";"MIN_FIYATA_TOPARLA";"310.72";"[""PRODUCT_INACTIVE"",""PRODUCT_NOT_ON_SALE"",""OUT_OF_STOCK"",""BUYBOX_STALE"",""CHANGE_TOO_SMALL""]";"Minimum fiyata güvenli toparlama";"MIN_FIYATA_TOPARLA";"310.72";"[""PRODUCT_INACTIVE"",""PRODUCT_NOT_ON_SALE"",""OUT_OF_STOCK"",""BUYBOX_STALE""]";"Minimum fiyata güvenli toparlama";"BUYBOX_UNAVAILABLE_MIN_PRICE_LIMIT";"cts_removed_min_recovery"
"869063762686";"Mutfak Temizleyici Çamaşır Suyu Katkılı Sprey 4 Adet X 750 ml";"2";"588.47";"578.98";"588.47";"";"588.47";"";"";"KORU";"588.47";"[""PRODUCT_INACTIVE"",""PRODUCT_NOT_ON_SALE"",""OUT_OF_STOCK"",""BUYBOX_STALE"",""CHANGE_TOO_SMALL""]";"Üst sıra minimum fiyatın altında; mevcut sıra korunuyor";"KORU";"588.47";"[""PRODUCT_INACTIVE"",""PRODUCT_NOT_ON_SALE"",""OUT_OF_STOCK"",""BUYBOX_STALE""]";"Üst sıra minimum fiyatın altında; mevcut sıra korunuyor";"BUYBOX_UNAVAILABLE_MIN_PRICE_LIMIT";"cts_removed_keep"
"8695077153236";"Nemlendirici etkili yoğun kıvamlı duş jeli ada 500 ml X 3 Adet";"2";"687.20";"556.41";"687.20";"735.08";"631.52";"";"";"FIYAT_ARTIR";"687.3";"[""PRODUCT_INACTIVE"",""PRODUCT_NOT_ON_SALE"",""OUT_OF_STOCK"",""BUYBOX_STALE"",""CHANGE_TOO_SMALL""]";"2. sırada kontrollü kâr artışı yoklaması";"FIYAT_ARTIR";"687.3";"[""PRODUCT_INACTIVE"",""PRODUCT_NOT_ON_SALE"",""OUT_OF_STOCK"",""BUYBOX_STALE""]";"2. sırada kontrollü kâr artışı yoklaması";"BUYBOX_UNAVAILABLE_MIN_PRICE_LIMIT";"cts_removed_profit_probe"
"17012026NEW0081";"Kaşmir Oda&Kumaş Kokusu 500ml";"2";"367.00";"359.00";"367.00";"368.00";"364.49";"";"";"FIYAT_ARTIR";"367.9";"[""CHANGE_TOO_SMALL""]";"2. sırada kontrollü kâr artışı yoklaması";"FIYAT_ARTIR";"367.9";"[]";"2. sırada kontrollü kâr artışı yoklaması";"BUYBOX_UNAVAILABLE_MIN_PRICE_LIMIT";"cts_removed_profit_probe"
"08695077135004";"Antep fıstık kaplı hurma topları 96 gr X 4 Adet";"2";"664.91";"646.86";"664.91";"669.20";"659.91";"";"";"FIYAT_ARTIR";"669.1";"[""CHANGE_TOO_SMALL""]";"2. sırada kontrollü kâr artışı yoklaması";"FIYAT_ARTIR";"669.1";"[]";"2. sırada kontrollü kâr artışı yoklaması";"BUYBOX_UNAVAILABLE_MIN_PRICE_LIMIT";"cts_removed_profit_probe"
"25632596";"Colombia Filtre Kahve 250 Gr.";"2";"473.90";"425.00";"473.90";"473.90";"462.08";"";"";"KORU";"473.9";"[""CHANGE_TOO_SMALL""]";"Üst sıra minimum fiyatın altında; mevcut sıra korunuyor";"KORU";"473.9";"[]";"Üst sıra minimum fiyatın altında; mevcut sıra korunuyor";"BUYBOX_UNAVAILABLE_MIN_PRICE_LIMIT";"cts_removed_keep"
"2644954944";"Alkolsüz Ağız Bakım Suyu 290 ml 3'lü";"2";"456.42";"449.88";"456.42";"469.06";"461.15";"";"";"MIN_FIYATA_TOPARLA";"461.15";"[""CHANGE_TOO_SMALL""]";"Minimum fiyata güvenli toparlama";"MIN_FIYATA_TOPARLA";"461.15";"[]";"Minimum fiyata güvenli toparlama";"BUYBOX_UNAVAILABLE_MIN_PRICE_LIMIT";"cts_removed_min_recovery"
"4745435565";"Efor Demlik Poşet Çay Tiryaki 40gr 25 Li X 6 Adet";"2";"2179.93";"1952.00";"2179.93";"2326.51";"2114.20";"";"";"FIYAT_ARTIR";"2181.49";"[""CHANGE_TOO_SMALL""]";"2. sırada kontrollü kâr artışı yoklaması";"FIYAT_ARTIR";"2181.49";"[]";"2. sırada kontrollü kâr artışı yoklaması";"BUYBOX_UNAVAILABLE_MIN_PRICE_LIMIT";"cts_removed_profit_probe"
"4984465454";"Alkolsüz Ağız Bakım Suyu 290 ml 2'li";"2";"390.96";"376.28";"390.96";"395.67";"375.96";"";"";"FIYAT_ARTIR";"395.57";"[""CHANGE_TOO_SMALL""]";"2. sırada kontrollü kâr artışı yoklaması";"FIYAT_ARTIR";"395.57";"[]";"2. sırada kontrollü kâr artışı yoklaması";"BUYBOX_UNAVAILABLE";"cts_removed_profit_probe"
"445656456456456";"Çiçek Rüyası Konsantre Yumuşatıcı 60 Yıkama X 2 Adet";"2";"557.26";"477.05";"557.26";"558.80";"508.95";"";"";"FIYAT_ARTIR";"558.7";"[""CHANGE_TOO_SMALL""]";"2. sırada kontrollü kâr artışı yoklaması";"FIYAT_ARTIR";"558.7";"[]";"2. sırada kontrollü kâr artışı yoklaması";"BUYBOX_UNAVAILABLE_MIN_PRICE_LIMIT";"cts_removed_profit_probe"
"5050136875132";"Dark & marine Erkek Edp Parfüm 2 adet x 100ml";"2";"1267.32";"1044.28";"1267.32";"1269.55";"1267.32";"";"";"FIYAT_ARTIR";"1269.45";"[""CHANGE_TOO_SMALL""]";"2. sırada kontrollü kâr artışı yoklaması";"FIYAT_ARTIR";"1269.45";"[]";"2. sırada kontrollü kâr artışı yoklaması";"BUYBOX_UNAVAILABLE_MIN_PRICE_LIMIT";"cts_removed_profit_probe"
"5050136875112";"Freedom Kadın Edp Parfüm 2 Adet X 100 ml";"2";"1308.77";"1241.08";"1308.77";"1308.77";"1267.32";"";"";"KORU";"1308.77";"[""CHANGE_TOO_SMALL""]";"Üst sıra minimum fiyatın altında; mevcut sıra korunuyor";"KORU";"1308.77";"[]";"Üst sıra minimum fiyatın altında; mevcut sıra korunuyor";"BUYBOX_UNAVAILABLE_MIN_PRICE_LIMIT";"cts_removed_keep"
"5185289585987";"Fresh Erkek Parfüm 50 Ml";"2";"378.89";"345.00";"378.89";"379.89";"378.43";"";"";"FIYAT_ARTIR";"379.79";"[""CHANGE_TOO_SMALL""]";"2. sırada kontrollü kâr artışı yoklaması";"FIYAT_ARTIR";"379.79";"[]";"2. sırada kontrollü kâr artışı yoklaması";"BUYBOX_UNAVAILABLE_MIN_PRICE_LIMIT";"cts_removed_profit_probe"
"59979898889";"Glutensiz Proteinli Kırmızı Mercimek Makarnası Penne 240g";"2";"271.08";"275.08";"271.08";"";"273.68";"";"";"MIN_FIYATA_TOPARLA";"273.68";"[""CHANGE_TOO_SMALL""]";"Minimum fiyata güvenli toparlama";"MIN_FIYATA_TOPARLA";"273.68";"[]";"Minimum fiyata güvenli toparlama";"BUYBOX_UNAVAILABLE";"cts_removed_min_recovery"
"649797977964";"Glutensiz Proteinli Kırmızı Mercimek Makarnası Fusilli 240g";"2";"273.68";"275.08";"273.68";"";"273.68";"";"";"KORU";"273.68";"[""CHANGE_TOO_SMALL""]";"Üst sıra minimum fiyatın altında; mevcut sıra korunuyor";"KORU";"273.68";"[]";"Üst sıra minimum fiyatın altında; mevcut sıra korunuyor";"BUYBOX_UNAVAILABLE";"cts_removed_keep"
"6248309297217";"Peçete 100 'lü 32 Adet";"2";"769.95";"794.43";"849.99";"1259.99";"758.06";"";"";"FIYAT_DUSUR";"758.06";"[]";"1. sıra için mevcut fiyattan kontrollü ek fiyat kırma";"KORU";"769.95";"[""RANK_PRICE_INCONSISTENT""]";"Rank fiyatı mevcut fiyatla tutarsız: current 769.95 TL buybox 794.43 TL altında, görünen 2. sıra fiyatı 849.99 TL";"BUYBOX_UNAVAILABLE_RANK_PRICE_INCONSISTENT";"rank_price_inconsistent_stop_decrease"
"6952632545858";"Oda Kokusu Bambu Çubuklu 100 Ml 2 Li Paket Pudra";"2";"773.64";"619.00";"773.64";"799.90";"679.15";"";"";"FIYAT_ARTIR";"776.45";"[""CHANGE_TOO_SMALL""]";"2. sırada kontrollü kâr artışı yoklaması";"FIYAT_ARTIR";"776.45";"[]";"2. sırada kontrollü kâr artışı yoklaması";"BUYBOX_UNAVAILABLE_MIN_PRICE_LIMIT";"cts_removed_profit_probe"
"8076808520364";"Spagetti Makarna Durum Buğdayı İrmiği %12 Protein Değerli Sade Uzun 5 x 500 gr (2.5 KG)";"2";"465.04";"387.18";"465.04";"466.41";"390.04";"";"";"FIYAT_ARTIR";"466.31";"[""CHANGE_TOO_SMALL""]";"2. sırada kontrollü kâr artışı yoklaması";"FIYAT_ARTIR";"466.31";"[]";"2. sırada kontrollü kâr artışı yoklaması";"BUYBOX_UNAVAILABLE_MIN_PRICE_LIMIT";"cts_removed_profit_probe"
"8130000006515";"Vegan Meyve Pestili Kavun Ve Elma 14gr X 10 Adet";"2";"433.18";"330.00";"433.18";"434.90";"387.07";"";"";"FIYAT_ARTIR";"434.34";"[""CHANGE_TOO_SMALL""]";"2. sırada kontrollü kâr artışı yoklaması";"FIYAT_ARTIR";"434.34";"[]";"2. sırada kontrollü kâr artışı yoklaması";"BUYBOX_UNAVAILABLE_MIN_PRICE_LIMIT";"cts_removed_profit_probe"
"83737491982828";"hindi fileto 2x120 gr";"2";"426.58";"339.48";"426.58";"";"426.58";"";"";"KORU";"426.58";"[""CHANGE_TOO_SMALL""]";"Üst sıra minimum fiyatın altında; mevcut sıra korunuyor";"KORU";"426.58";"[]";"Üst sıra minimum fiyatın altında; mevcut sıra korunuyor";"BUYBOX_UNAVAILABLE_MIN_PRICE_LIMIT";"cts_removed_keep"
"8607037520184";"Çocuk Diş Macunu 50 ml x 3 Adet - Karpuz & Çilek Aromalı, Florürsüz, 3+ Yaş Avantaj Paketi";"2";"538.94";"505.08";"538.94";"538.07";"486.70";"";"";"KORU";"538.94";"[""CHANGE_TOO_SMALL""]";"Üst sıra minimum fiyatın altında; mevcut sıra korunuyor";"FIYAT_DUSUR";"486.7";"[]";"Öğrenilmiş fiyat kırma minimumun altında; güvenli minimum fiyat hedefleniyor";"BUYBOX_AVAILABLE";"cts_removed_keep|learned_cut_min_price_fallback"
"8659479898989";"Doğal Ananas Sirkesi 500 ml";"2";"386.29";"345.00";"386.29";"432.05";"384.60";"";"";"FIYAT_ARTIR";"386.39";"[""CHANGE_TOO_SMALL""]";"2. sırada kontrollü kâr artışı yoklaması";"FIYAT_ARTIR";"386.39";"[]";"2. sırada kontrollü kâr artışı yoklaması";"BUYBOX_UNAVAILABLE_MIN_PRICE_LIMIT";"cts_removed_profit_probe"
"86595666464";"Karanfil Ve Nane Yağlı Glutensiz Diş Macunu 2'li";"2";"492.89";"437.00";"492.89";"";"484.60";"";"";"KORU";"492.89";"[""CHANGE_TOO_SMALL""]";"Üst sıra minimum fiyatın altında; mevcut sıra korunuyor";"KORU";"492.89";"[]";"Üst sıra minimum fiyatın altında; mevcut sıra korunuyor";"BUYBOX_UNAVAILABLE_MIN_PRICE_LIMIT";"cts_removed_keep"
"8682015975325";"Harass Badem Unu 250 Gr x 4 Adet | %100 Badem | Glutensiz Yüksek Lifli Protein";"2";"1494.72";"1471.08";"1494.72";"1494.72";"1484.60";"";"";"KORU";"1494.72";"[""CHANGE_TOO_SMALL""]";"Üst sıra minimum fiyatın altında; mevcut sıra korunuyor";"KORU";"1494.72";"[]";"Üst sıra minimum fiyatın altında; mevcut sıra korunuyor";"BUYBOX_UNAVAILABLE_MIN_PRICE_LIMIT";"cts_removed_keep"
"86816303610277";"Katkısız Yer Fıstığı Ezmesi %100 fıstık ilave şeker içermeyen 4 Adet X 350gr";"2";"949.39";"940.89";"949.39";"950.29";"947.57";"";"";"FIYAT_ARTIR";"950.19";"[""CHANGE_TOO_SMALL""]";"2. sırada kontrollü kâr artışı yoklaması";"FIYAT_ARTIR";"950.19";"[]";"2. sırada kontrollü kâr artışı yoklaması";"BUYBOX_UNAVAILABLE_MIN_PRICE_LIMIT";"cts_removed_profit_probe"
"86816303610131";"Katkısız Ballı Parçacıklı Yer Fıstığı Ezmesi %70 fıstık %20 bal 4 Adet X 350gr";"2";"953.60";"945.05";"953.60";"954.50";"947.57";"";"";"FIYAT_ARTIR";"954.24";"[""CHANGE_TOO_SMALL""]";"2. sırada kontrollü kâr artışı yoklaması";"FIYAT_ARTIR";"954.24";"[]";"2. sırada kontrollü kâr artışı yoklaması";"BUYBOX_UNAVAILABLE_MIN_PRICE_LIMIT";"cts_removed_profit_probe"
"8682084239013";"Nar ekşisi %100 4 Adet X 250 ml";"2";"862.33";"836.63";"862.33";"998.90";"842.63";"";"";"FIYAT_ARTIR";"864.39";"[""CHANGE_TOO_SMALL""]";"2. sırada kontrollü kâr artışı yoklaması";"FIYAT_ARTIR";"864.39";"[]";"2. sırada kontrollü kâr artışı yoklaması";"BUYBOX_UNAVAILABLE_MIN_PRICE_LIMIT";"cts_removed_profit_probe"
"868210150099720";"Demlik Poşet Karadeniz Çayı 48'li";"2";"249.80";"198.00";"249.80";"249.70";"238.31";"";"";"KORU";"249.8";"[""CHANGE_TOO_SMALL""]";"Üst sıra minimum fiyatın altında; mevcut sıra korunuyor";"KORU";"249.8";"[]";"Üst sıra minimum fiyatın altında; mevcut sıra korunuyor";"BUYBOX_UNAVAILABLE_MIN_PRICE_LIMIT";"cts_removed_keep"
"8683105644404";"Sütlü Çikolata Kaplı Bademli Hurma 200 gr X 4 Adet";"2";"1319.90";"1149.00";"1319.90";"1320.00";"1292.65";"";"";"KORU";"1319.9";"[""CHANGE_TOO_SMALL""]";"Üst sıra minimum fiyatın altında; mevcut sıra korunuyor";"KORU";"1319.9";"[]";"Üst sıra minimum fiyatın altında; mevcut sıra korunuyor";"BUYBOX_UNAVAILABLE_MIN_PRICE_LIMIT";"cts_removed_keep"
"8682531496357";"Çilekli ve Chia Tohumlu Granola Glutensiz İlave Şekersiz 300 gr 2 Adet (Toplam 600 gr)";"2";"689.40";"685.40";"689.40";"692.85";"687.07";"";"";"FIYAT_ARTIR";"692.75";"[""CHANGE_TOO_SMALL""]";"2. sırada kontrollü kâr artışı yoklaması";"FIYAT_ARTIR";"692.75";"[]";"2. sırada kontrollü kâr artışı yoklaması";"BUYBOX_UNAVAILABLE_MIN_PRICE_LIMIT";"cts_removed_profit_probe"
"8684992000242";"Guatemala Çekirdek Kahve 500 g";"2";"805.63";"650.90";"805.63";"817.88";"722.33";"";"";"FIYAT_ARTIR";"805.84";"[""CHANGE_TOO_SMALL""]";"2. sırada kontrollü kâr artışı yoklaması";"FIYAT_ARTIR";"805.84";"[]";"2. sırada kontrollü kâr artışı yoklaması";"BUYBOX_UNAVAILABLE_MIN_PRICE_LIMIT";"cts_removed_profit_probe"
"8684992012269";"🌿 Hassas Ciltler Vücut Losyonu 300 ml";"2";"401.89";"391.00";"401.89";"396.68";"401.89";"";"";"KORU";"401.89";"[""CHANGE_TOO_SMALL""]";"Üst sıra minimum fiyatın altında; mevcut sıra korunuyor";"KORU";"401.89";"[]";"Üst sıra minimum fiyatın altında; mevcut sıra korunuyor";"BUYBOX_UNAVAILABLE_MIN_PRICE_LIMIT";"cts_removed_keep"
"868754654333";"Mercy Black erkek parfüm 50 ml";"2";"399.99";"339.00";"399.99";"";"378.43";"";"";"KORU";"399.99";"[""CHANGE_TOO_SMALL""]";"Üst sıra minimum fiyatın altında; mevcut sıra korunuyor";"KORU";"399.99";"[]";"Üst sıra minimum fiyatın altında; mevcut sıra korunuyor";"BUYBOX_UNAVAILABLE_MIN_PRICE_LIMIT";"cts_removed_keep"
"8690471846291";"İthal Taze Mebrum Hurma Yumuşak Etli Doğal 4 Adet X 300 gr";"2";"1301.67";"1289.64";"1301.67";"1609.08";"1292.01";"";"";"FIYAT_ARTIR";"1304.67";"[""CHANGE_TOO_SMALL""]";"2. sırada kontrollü kâr artışı yoklaması";"FIYAT_ARTIR";"1304.67";"[]";"2. sırada kontrollü kâr artışı yoklaması";"BUYBOX_UNAVAILABLE_MIN_PRICE_LIMIT";"cts_removed_profit_probe"
"8690543788907";"Jel Bulaşık Makinesi Deterjanı 1000 ml x 2 Adet";"2";"592.92";"569.00";"592.92";"678.00";"581.36";"";"";"FIYAT_ARTIR";"593.02";"[""CHANGE_TOO_SMALL""]";"2. sırada kontrollü kâr artışı yoklaması";"FIYAT_ARTIR";"593.02";"[]";"2. sırada kontrollü kâr artışı yoklaması";"BUYBOX_UNAVAILABLE_MIN_PRICE_LIMIT";"cts_removed_profit_probe"
"86905784026";"Şeker İlavesiz! %65 Yaban Mersini Reçeli 3 x 275g (Doğal Meyveli - Yeni Ürün)";"2";"768.86";"762.68";"768.86";"901.07";"720.41";"";"";"FIYAT_ARTIR";"773.37";"[""CHANGE_TOO_SMALL""]";"2. sırada kontrollü kâr artışı yoklaması";"FIYAT_ARTIR";"773.37";"[]";"2. sırada kontrollü kâr artışı yoklaması";"BUYBOX_UNAVAILABLE";"cts_removed_profit_probe"
"8690576120479";"Rigatoni Makarna Durum Buğdayı İrmiği %12 Protein Değerli İri Kesme 5 x 500 gr (2.5 KG)";"2";"492.16";"389.26";"492.16";"493.81";"390.04";"";"";"FIYAT_ARTIR";"493.71";"[""CHANGE_TOO_SMALL""]";"2. sırada kontrollü kâr artışı yoklaması";"FIYAT_ARTIR";"493.71";"[]";"2. sırada kontrollü kâr artışı yoklaması";"BUYBOX_UNAVAILABLE_MIN_PRICE_LIMIT";"cts_removed_profit_probe"
"869063771214";"Beyaz Sabun Kokulu hipoalerjenik konsantre yumuşatıcı 1500ml X 4 Adet";"2";"859.00";"799.00";"859.00";"886.83";"821.58";"";"";"FIYAT_ARTIR";"863.9";"[""CHANGE_TOO_SMALL""]";"2. sırada kontrollü kâr artışı yoklaması";"FIYAT_ARTIR";"863.9";"[]";"2. sırada kontrollü kâr artışı yoklaması";"BUYBOX_UNAVAILABLE_MIN_PRICE_LIMIT";"cts_removed_profit_probe"
"8690637712143";"Menekşe Kokulu hipoalerjenik konsantre yumuşatıcı 1500 ml X 4 Adet";"2";"881.99";"819.00";"881.99";"886.99";"821.58";"";"";"FIYAT_ARTIR";"885.99";"[""CHANGE_TOO_SMALL""]";"2. sırada kontrollü kâr artışı yoklaması";"FIYAT_ARTIR";"885.99";"[]";"2. sırada kontrollü kâr artışı yoklaması";"BUYBOX_UNAVAILABLE_MIN_PRICE_LIMIT";"cts_removed_profit_probe"
"8690609598109";"Menekşe Konsantre Çamaşır Yumuşatıcısı 1500 ml – 60 Yıkama";"2";"317.94";"321.08";"317.94";"317.94";"318.89";"";"";"MIN_FIYATA_TOPARLA";"318.89";"[""CHANGE_TOO_SMALL""]";"Minimum fiyata güvenli toparlama";"MIN_FIYATA_TOPARLA";"318.89";"[]";"Minimum fiyata güvenli toparlama";"BUYBOX_UNAVAILABLE";"cts_removed_min_recovery"
"8690655786211";"Okyanus Ferahlığı Konsantre Çamaşır Yumuşatıcısı 1500 ml x 3 Adet (Toplam 4500 ml)";"2";"765.54";"684.34";"765.54";"827.08";"663.99";"";"";"FIYAT_ARTIR";"765.64";"[""CHANGE_TOO_SMALL""]";"2. sırada kontrollü kâr artışı yoklaması";"FIYAT_ARTIR";"765.64";"[]";"2. sırada kontrollü kâr artışı yoklaması";"BUYBOX_UNAVAILABLE";"cts_removed_profit_probe"
"8691496281027";"Yerli Premium Lüks Karışık Kuruyemiş Kuru Meyve 4 Adet X 150 gr";"2";"1073.74";"739.12";"1073.74";"1074.84";"733.99";"";"";"FIYAT_ARTIR";"1074.74";"[""CHANGE_TOO_SMALL""]";"2. sırada kontrollü kâr artışı yoklaması";"FIYAT_ARTIR";"1074.74";"[]";"2. sırada kontrollü kâr artışı yoklaması";"BUYBOX_UNAVAILABLE";"cts_removed_profit_probe"
"86916376352673";"Tarçın&Zencefil Kurabiye 300gr x 3 Adet";"2";"622.16";"559.00";"622.16";"616.04";"572.26";"";"";"KORU";"622.16";"[""CHANGE_TOO_SMALL""]";"Üst sıra minimum fiyatın altında; mevcut sıra korunuyor";"KORU";"622.16";"[]";"Üst sıra minimum fiyatın altında; mevcut sıra korunuyor";"BUYBOX_UNAVAILABLE_MIN_PRICE_LIMIT";"cts_removed_keep"
"869502585852";"Beyazlar için sıvı çamaşır deterjanı 1500ml X 4 Adet";"2";"894.11";"834.11";"894.11";"896.11";"845.13";"";"";"FIYAT_ARTIR";"896.01";"[""CHANGE_TOO_SMALL""]";"2. sırada kontrollü kâr artışı yoklaması";"FIYAT_ARTIR";"896.01";"[]";"2. sırada kontrollü kâr artışı yoklaması";"BUYBOX_UNAVAILABLE_MIN_PRICE_LIMIT";"cts_removed_profit_probe"
"86950258548585";"Vücut Spreyi 200 ml X 3 Adet White Glow";"2";"944.89";"749.00";"944.89";"945.70";"757.44";"";"";"FIYAT_ARTIR";"945.6";"[""CHANGE_TOO_SMALL""]";"2. sırada kontrollü kâr artışı yoklaması";"FIYAT_ARTIR";"945.6";"[]";"2. sırada kontrollü kâr artışı yoklaması";"BUYBOX_UNAVAILABLE_MIN_PRICE_LIMIT";"cts_removed_profit_probe"
"869507458785";"EKSTRA ÇAMAŞIR YUMUŞATICISI İNCİ SERİSİ AY IŞIĞI 1500 ML 2 Lİ PAKET";"2";"513.10";"507.97";"513.10";"512.44";"504.73";"";"";"KORU";"513.1";"[""CHANGE_TOO_SMALL""]";"Üst sıra minimum fiyatın altında; mevcut sıra korunuyor";"FIYAT_DUSUR";"504.73";"[]";"Öğrenilmiş fiyat kırma minimumun altında; güvenli minimum fiyat hedefleniyor";"BUYBOX_AVAILABLE";"cts_removed_keep|learned_cut_min_price_fallback"
"869507558584";"Ekstra Çamaşır Yumuşatıcısı Parfüm Serisi 1500 ml 2 Li Paket";"2";"502.37";"507.33";"502.37";"499.00";"501.72";"";"";"KORU";"502.37";"[""CHANGE_TOO_SMALL""]";"Üst sıra minimum fiyatın altında; mevcut sıra korunuyor";"FIYAT_DUSUR";"501.72";"[]";"Öğrenilmiş fiyat kırma minimumun altında; güvenli minimum fiyat hedefleniyor";"BUYBOX_AVAILABLE";"cts_removed_keep|learned_cut_min_price_fallback"
"869507236548";"Freedom 100 ml Kadın Edp Parfüm";"2";"739.60";"735.08";"739.60";"750.21";"730.28";"";"";"FIYAT_ARTIR";"739.7";"[""CHANGE_TOO_SMALL""]";"2. sırada kontrollü kâr artışı yoklaması";"FIYAT_ARTIR";"739.7";"[]";"2. sırada kontrollü kâr artışı yoklaması";"BUYBOX_UNAVAILABLE";"cts_removed_profit_probe"
"8695077036401";"Hipoalerjenik Konsantre Çamaşır Yumuşatıcı Sensitive Çiçek Rüyası Okyanus 1500 ml X 6 Adet";"2";"1188.90";"1128.90";"1188.90";"1195.72";"1127.66";"";"";"FIYAT_ARTIR";"1189.8";"[""CHANGE_TOO_SMALL""]";"2. sırada kontrollü kâr artışı yoklaması";"FIYAT_ARTIR";"1189.8";"[]";"2. sırada kontrollü kâr artışı yoklaması";"BUYBOX_UNAVAILABLE";"cts_removed_profit_probe"
"8695077036403";"Hipoalerjenik Okyanus Ferahlığı Konsantre Çamaşır Yumuşatıcı 1500 ml X 4 Adet";"2";"876.86";"816.86";"876.86";"886.86";"821.58";"";"";"FIYAT_ARTIR";"880.86";"[""CHANGE_TOO_SMALL""]";"2. sırada kontrollü kâr artışı yoklaması";"FIYAT_ARTIR";"880.86";"[]";"2. sırada kontrollü kâr artışı yoklaması";"BUYBOX_UNAVAILABLE_MIN_PRICE_LIMIT";"cts_removed_profit_probe"
"8695077040912";"Glutensiz Fındıklı Süt Reçeli 270 gr X 4 Adet";"2";"898.56";"699.99";"898.56";"890.90";"748.80";"";"";"KORU";"898.56";"[""CHANGE_TOO_SMALL""]";"Üst sıra minimum fiyatın altında; mevcut sıra korunuyor";"KORU";"898.56";"[]";"Üst sıra minimum fiyatın altında; mevcut sıra korunuyor";"BUYBOX_UNAVAILABLE_MIN_PRICE_LIMIT";"cts_removed_keep"
"8695077061324";"Islak Havlu 1 Koli 24 Paket";"2";"1720.12";"1660.12";"1720.12";"1960.00";"1639.43";"";"";"FIYAT_ARTIR";"1723.92";"[""CHANGE_TOO_SMALL""]";"2. sırada kontrollü kâr artışı yoklaması";"FIYAT_ARTIR";"1723.92";"[]";"2. sırada kontrollü kâr artışı yoklaması";"BUYBOX_UNAVAILABLE";"cts_removed_profit_probe"
"8695077118774";"Sıvı Beyaz Sabun Yüzey Temizleyici 1000 ml X 4 Adet";"2";"689.20";"661.48";"689.20";"785.00";"687.75";"";"";"FIYAT_ARTIR";"689.3";"[""CHANGE_TOO_SMALL""]";"2. sırada kontrollü kâr artışı yoklaması";"FIYAT_ARTIR";"689.3";"[]";"2. sırada kontrollü kâr artışı yoklaması";"BUYBOX_UNAVAILABLE_MIN_PRICE_LIMIT";"cts_removed_profit_probe"
"8695077134982";"Karamelize Bisküvi Kreması Bisküvi Parçacıklı Crunchy 350 gr X 3 Adet";"2";"781.28";"766.72";"781.28";"854.68";"763.62";"";"";"FIYAT_ARTIR";"785.03";"[""CHANGE_TOO_SMALL""]";"2. sırada kontrollü kâr artışı yoklaması";"FIYAT_ARTIR";"785.03";"[]";"2. sırada kontrollü kâr artışı yoklaması";"BUYBOX_UNAVAILABLE";"cts_removed_profit_probe"
"8695077144027";"diş ipi";"2";"291.56";"289.80";"291.56";"318.85";"266.27";"";"";"FIYAT_ARTIR";"295.31";"[""CHANGE_TOO_SMALL""]";"2. sırada kontrollü kâr artışı yoklaması";"FIYAT_ARTIR";"295.31";"[]";"2. sırada kontrollü kâr artışı yoklaması";"BUYBOX_UNAVAILABLE";"cts_removed_profit_probe"
"8695077144746";"Nemlendirici etkili sıvı sabun beyaz yasemin ve lotus çiçeği ve marsilya gülü 500 ML x 6 Adet";"2";"1161.34";"1150.72";"1161.34";"1229.22";"1163.49";"";"";"MIN_FIYATA_TOPARLA";"1163.49";"[""CHANGE_TOO_SMALL""]";"Minimum fiyata güvenli toparlama";"MIN_FIYATA_TOPARLA";"1163.49";"[]";"Minimum fiyata güvenli toparlama";"BUYBOX_UNAVAILABLE_MIN_PRICE_LIMIT";"cts_removed_min_recovery"
"8695077147574";"Amonyaklı Yağ Çözücü Sprey Krem 4 Adet X 750 ml";"2";"605.44";"545.44";"605.44";"628.00";"549.92";"";"";"FIYAT_ARTIR";"605.54";"[""CHANGE_TOO_SMALL""]";"2. sırada kontrollü kâr artışı yoklaması";"FIYAT_ARTIR";"605.54";"[]";"2. sırada kontrollü kâr artışı yoklaması";"BUYBOX_UNAVAILABLE_MIN_PRICE_LIMIT";"cts_removed_profit_probe"
"8695077147530";"VAZELİN 75 ml";"2";"349.00";"199.00";"349.00";"349.00";"310.72";"";"";"KORU";"349";"[""CHANGE_TOO_SMALL""]";"Üst sıra minimum fiyatın altında; mevcut sıra korunuyor";"KORU";"349";"[]";"Üst sıra minimum fiyatın altında; mevcut sıra korunuyor";"BUYBOX_UNAVAILABLE_MIN_PRICE_LIMIT";"cts_removed_keep"
"86950771594";"Hipoalerjenik Yasemin Ve Çam kokulu Yüzey Temizleyici 4 Adet X 1500 ml";"2";"605.67";"545.67";"605.67";"599.71";"607.12";"";"";"MIN_FIYATA_TOPARLA";"607.12";"[""CHANGE_TOO_SMALL""]";"Minimum fiyata güvenli toparlama";"MIN_FIYATA_TOPARLA";"607.12";"[]";"Minimum fiyata güvenli toparlama";"BUYBOX_UNAVAILABLE_MIN_PRICE_LIMIT";"cts_removed_min_recovery"
"8695077152044";"Elma Şeftali Suyu %100 Meyve Suyu Oranı Şeker İlavesiz 36 Adet X 200 ml";"2";"957.36";"900.40";"957.36";"1657.40";"955.81";"";"";"FIYAT_ARTIR";"962.26";"[""CHANGE_TOO_SMALL""]";"2. sırada kontrollü kâr artışı yoklaması";"FIYAT_ARTIR";"962.26";"[]";"2. sırada kontrollü kâr artışı yoklaması";"BUYBOX_UNAVAILABLE_MIN_PRICE_LIMIT";"cts_removed_profit_probe"
"8695077152036";"Elma Kayısı Suyu %100 Meyve Suyu Oranı Şeker İlavesiz 36 Adet X 200 ml";"2";"982.64";"865.48";"982.64";"983.05";"955.81";"";"";"FIYAT_ARTIR";"982.95";"[""CHANGE_TOO_SMALL""]";"2. sırada kontrollü kâr artışı yoklaması";"FIYAT_ARTIR";"982.95";"[]";"2. sırada kontrollü kâr artışı yoklaması";"BUYBOX_UNAVAILABLE_MIN_PRICE_LIMIT";"cts_removed_profit_probe"
"8695077163318";"KAŞMİR ODA & KUMAŞ KOKUSU 500 ml";"2";"517.44";"342.20";"517.44";"548.00";"395.61";"";"";"FIYAT_ARTIR";"517.54";"[""CHANGE_TOO_SMALL""]";"2. sırada kontrollü kâr artışı yoklaması";"FIYAT_ARTIR";"517.54";"[]";"2. sırada kontrollü kâr artışı yoklaması";"BUYBOX_UNAVAILABLE_MIN_PRICE_LIMIT";"cts_removed_profit_probe"
"869507745215";"Kadın Deodorant Parfümlü Sprey Deodorant Gün Boyu Ferahlık 150Ml Fresh";"2";"313.10";"299.00";"313.10";"350.00";"284.79";"";"";"FIYAT_ARTIR";"316.85";"[""CHANGE_TOO_SMALL""]";"2. sırada kontrollü kâr artışı yoklaması";"FIYAT_ARTIR";"316.85";"[]";"2. sırada kontrollü kâr artışı yoklaması";"BUYBOX_UNAVAILABLE";"cts_removed_profit_probe"
"8695077454878";"Parfüm Erkek Sport 2*50 ml";"2";"565.99";"546.15";"565.99";"568.49";"563.62";"";"";"FIYAT_ARTIR";"568.39";"[""CHANGE_TOO_SMALL""]";"2. sırada kontrollü kâr artışı yoklaması";"FIYAT_ARTIR";"568.39";"[]";"2. sırada kontrollü kâr artışı yoklaması";"BUYBOX_UNAVAILABLE_MIN_PRICE_LIMIT";"cts_removed_profit_probe"
"869507755566";"Kadın Parfümlü Deodorant Dream 150 ml";"2";"305.72";"288.24";"305.72";"318.24";"284.79";"";"";"FIYAT_ARTIR";"307.83";"[""CHANGE_TOO_SMALL""]";"2. sırada kontrollü kâr artışı yoklaması";"FIYAT_ARTIR";"307.83";"[]";"2. sırada kontrollü kâr artışı yoklaması";"BUYBOX_UNAVAILABLE";"cts_removed_profit_probe"
"8695077854589658";"PARFUM ERKEK MERCY 50 ML 3 LÜ ( BLACK-SPORT-FRESH)";"2";"774.00";"744.70";"774.00";"789.00";"748.80";"";"";"FIYAT_ARTIR";"777.75";"[""CHANGE_TOO_SMALL""]";"2. sırada kontrollü kâr artışı yoklaması";"FIYAT_ARTIR";"777.75";"[]";"2. sırada kontrollü kâr artışı yoklaması";"BUYBOX_UNAVAILABLE_MIN_PRICE_LIMIT";"cts_removed_profit_probe"
"869507775555858";"Meksika Fasülyesi 400 gr X 4 Adet";"2";"405.59";"391.12";"405.59";"549.90";"405.59";"";"";"FIYAT_ARTIR";"410.49";"[""CHANGE_TOO_SMALL""]";"2. sırada kontrollü kâr artışı yoklaması";"FIYAT_ARTIR";"410.49";"[]";"2. sırada kontrollü kâr artışı yoklaması";"BUYBOX_UNAVAILABLE_MIN_PRICE_LIMIT";"cts_removed_profit_probe"
"8695077854563";"EKSTRA ÇAMAŞIR YUMUŞATICISI BAHAR TAZELİĞİ 1500 ML 2 Lİ PAKET";"2";"503.88";"498.84";"503.88";"499.00";"504.73";"";"";"MIN_FIYATA_TOPARLA";"504.73";"[""CHANGE_TOO_SMALL""]";"Minimum fiyata güvenli toparlama";"MIN_FIYATA_TOPARLA";"504.73";"[]";"Minimum fiyata güvenli toparlama";"BUYBOX_UNAVAILABLE_MIN_PRICE_LIMIT";"cts_removed_min_recovery"
"86950778562547";"EKSTRA PARFÜM SERİSİ ÇAMAŞIR YUMUŞATICISI 1500 ML";"2";"336.84";"339.03";"336.84";"348.00";"330.34";"";"";"FIYAT_ARTIR";"337.12";"[""CHANGE_TOO_SMALL""]";"2. sırada kontrollü kâr artışı yoklaması";"FIYAT_ARTIR";"337.12";"[]";"2. sırada kontrollü kâr artışı yoklaması";"BUYBOX_UNAVAILABLE";"cts_removed_profit_probe"
"8695078525204";"Renkliler için sıvı çamaşır deterjanı 1500ml X 4 Adet";"2";"887.24";"827.24";"887.24";"891.20";"845.13";"";"";"FIYAT_ARTIR";"891.1";"[""CHANGE_TOO_SMALL""]";"2. sırada kontrollü kâr artışı yoklaması";"FIYAT_ARTIR";"891.1";"[]";"2. sırada kontrollü kâr artışı yoklaması";"BUYBOX_UNAVAILABLE_MIN_PRICE_LIMIT";"cts_removed_profit_probe"
"869507785854587";"Meksika Fasülyesi 400 gr X 3 Adet";"2";"353.73";"328.33";"353.73";"388.00";"355.59";"";"";"MIN_FIYATA_TOPARLA";"355.59";"[""CHANGE_TOO_SMALL""]";"Minimum fiyata güvenli toparlama";"MIN_FIYATA_TOPARLA";"355.59";"[]";"Minimum fiyata güvenli toparlama";"BUYBOX_UNAVAILABLE_MIN_PRICE_LIMIT";"cts_removed_min_recovery"
"869507785854875855";"Çam Kokulu Renk Değiştiren Tuvalet Temizleyici 750 ml X 4 Adet";"2";"625.10";"565.10";"625.10";"635.10";"588.47";"";"";"FIYAT_ARTIR";"628.77";"[""CHANGE_TOO_SMALL""]";"2. sırada kontrollü kâr artışı yoklaması";"FIYAT_ARTIR";"628.77";"[]";"2. sırada kontrollü kâr artışı yoklaması";"BUYBOX_UNAVAILABLE_MIN_PRICE_LIMIT";"cts_removed_profit_probe"
"869510775525";"Oda Kokusu 300 Ml Masal Bahçe";"2";"330.55";"199.00";"330.55";"330.55";"304.03";"";"";"KORU";"330.55";"[""CHANGE_TOO_SMALL""]";"Üst sıra minimum fiyatın altında; mevcut sıra korunuyor";"KORU";"330.55";"[]";"Üst sıra minimum fiyatın altında; mevcut sıra korunuyor";"BUYBOX_UNAVAILABLE_MIN_PRICE_LIMIT";"cts_removed_keep"
"8695126598445";"Büyük Boy Çöp Torbası 20'li x 10 paket";"2";"1127.87";"1105.42";"1127.87";"1716.90";"1076.42";"";"";"FIYAT_ARTIR";"1131.62";"[""CHANGE_TOO_SMALL""]";"2. sırada kontrollü kâr artışı yoklaması";"FIYAT_ARTIR";"1131.62";"[]";"2. sırada kontrollü kâr artışı yoklaması";"BUYBOX_UNAVAILABLE";"cts_removed_profit_probe"
"8695236598741";"Makine Temizleyici 250 ml x 2 Adet";"2";"272.52";"192.28";"272.52";"272.52";"265.88";"";"";"KORU";"272.52";"[""CHANGE_TOO_SMALL""]";"Üst sıra minimum fiyatın altında; mevcut sıra korunuyor";"KORU";"272.52";"[]";"Üst sıra minimum fiyatın altında; mevcut sıra korunuyor";"BUYBOX_UNAVAILABLE_MIN_PRICE_LIMIT";"cts_removed_keep"
"86952325411122";"Filtre Kahve Tek Kullanımlık 8gr X 20 Li Paket";"2";"512.28";"507.26";"512.28";"512.28";"509.77";"";"";"KORU";"512.28";"[""CHANGE_TOO_SMALL""]";"Üst sıra minimum fiyatın altında; mevcut sıra korunuyor";"KORU";"512.28";"[]";"Üst sıra minimum fiyatın altında; mevcut sıra korunuyor";"BUYBOX_UNAVAILABLE_MIN_PRICE_LIMIT";"cts_removed_keep"
"869525885878587";"ÇAMAŞIR SUYU ULTRA YOĞUN 1250 ML X4 ADET LİMON KOKULU";"2";"606.57";"546.26";"606.57";"615.24";"574.83";"";"";"FIYAT_ARTIR";"606.67";"[""CHANGE_TOO_SMALL""]";"2. sırada kontrollü kâr artışı yoklaması";"FIYAT_ARTIR";"606.67";"[]";"2. sırada kontrollü kâr artışı yoklaması";"BUYBOX_UNAVAILABLE_MIN_PRICE_LIMIT";"cts_removed_profit_probe"
"8695261452547";"Siyah Çay Demlik Poşet Çay Earl Grey Bergamot Aromalı 48'li x 3 Paket";"2";"412.04";"410.85";"412.04";"411.94";"395.27";"";"";"KORU";"412.04";"[""CHANGE_TOO_SMALL""]";"Üst sıra minimum fiyatın altında; mevcut sıra korunuyor";"FIYAT_DUSUR";"395.27";"[]";"Öğrenilmiş fiyat kırma minimumun altında; güvenli minimum fiyat hedefleniyor";"BUYBOX_AVAILABLE";"cts_removed_keep|learned_cut_min_price_fallback"
"8695471124202";"Bergamot Aromalı Harman Çay 1000 Gr";"2";"513.25";"477.29";"513.25";"500.00";"513.25";"";"";"KORU";"513.25";"[""CHANGE_TOO_SMALL""]";"Üst sıra minimum fiyatın altında; mevcut sıra korunuyor";"KORU";"513.25";"[]";"Üst sıra minimum fiyatın altında; mevcut sıra korunuyor";"BUYBOX_UNAVAILABLE_MIN_PRICE_LIMIT";"cts_removed_keep"
"86953623659874";"Limon Kokulu Temizleyici 750ml x 4 Adet";"2";"670.26";"499.26";"670.26";"671.51";"588.47";"";"";"FIYAT_ARTIR";"671.41";"[""CHANGE_TOO_SMALL""]";"2. sırada kontrollü kâr artışı yoklaması";"FIYAT_ARTIR";"671.41";"[]";"2. sırada kontrollü kâr artışı yoklaması";"BUYBOX_UNAVAILABLE_MIN_PRICE_LIMIT";"cts_removed_profit_probe"
"8695485858858";"Doğal Beyaz Sabun 800 gr X 4 Adet";"2";"815.00";"775.66";"815.00";"819.99";"793.62";"";"";"FIYAT_ARTIR";"819.89";"[""CHANGE_TOO_SMALL""]";"2. sırada kontrollü kâr artışı yoklaması";"FIYAT_ARTIR";"819.89";"[]";"2. sırada kontrollü kâr artışı yoklaması";"BUYBOX_UNAVAILABLE_MIN_PRICE_LIMIT";"cts_removed_profit_probe"
"8695653695866";"Avokado Duş Jeli 750 ml x 3 Adet";"2";"996.10";"794.48";"996.10";"997.50";"815.35";"";"";"FIYAT_ARTIR";"997.4";"[""CHANGE_TOO_SMALL""]";"2. sırada kontrollü kâr artışı yoklaması";"FIYAT_ARTIR";"997.4";"[]";"2. sırada kontrollü kâr artışı yoklaması";"BUYBOX_UNAVAILABLE_MIN_PRICE_LIMIT";"cts_removed_profit_probe"
"8695653254853";"Zeytinyağlı nemlendirici el ve vücut bakım kremi 300 ml x 3 kavanoz";"2";"647.86";"643.08";"647.86";"701.87";"652.38";"";"";"MIN_FIYATA_TOPARLA";"652.38";"[""CHANGE_TOO_SMALL""]";"Minimum fiyata güvenli toparlama";"MIN_FIYATA_TOPARLA";"652.38";"[]";"Minimum fiyata güvenli toparlama";"BUYBOX_UNAVAILABLE_MIN_PRICE_LIMIT";"cts_removed_min_recovery"
"8695965482365";"Zeytinyağlı Duş Jeli 750 ml x 3 Adet";"2";"899.00";"797.24";"899.00";"997.50";"815.35";"";"";"FIYAT_ARTIR";"902.75";"[""CHANGE_TOO_SMALL""]";"2. sırada kontrollü kâr artışı yoklaması";"FIYAT_ARTIR";"902.75";"[]";"2. sırada kontrollü kâr artışı yoklaması";"BUYBOX_UNAVAILABLE_MIN_PRICE_LIMIT";"cts_removed_profit_probe"
"8695855455265";"Oda Kokusu Bambu Çubuklu 100 Ml Yasemin 3lü Paket";"2";"947.68";"822.83";"947.68";"992.68";"913.33";"";"";"FIYAT_ARTIR";"950.35";"[""CHANGE_TOO_SMALL""]";"2. sırada kontrollü kâr artışı yoklaması";"FIYAT_ARTIR";"950.35";"[]";"2. sırada kontrollü kâr artışı yoklaması";"BUYBOX_UNAVAILABLE_MIN_PRICE_LIMIT";"cts_removed_profit_probe"
"8695965987456";"DaycareTropikal Duş Jeli 750 ml x 3 Adet";"2";"823.64";"794.25";"823.64";"997.50";"815.35";"";"";"FIYAT_ARTIR";"827.39";"[""CHANGE_TOO_SMALL""]";"2. sırada kontrollü kâr artışı yoklaması";"FIYAT_ARTIR";"827.39";"[]";"2. sırada kontrollü kâr artışı yoklaması";"BUYBOX_UNAVAILABLE_MIN_PRICE_LIMIT";"cts_removed_profit_probe"
"8697167282827288";"Pudra ve Amber 2 li Oda Kokusu";"2";"598.98";"589.00";"598.98";"689.08";"580.42";"";"";"FIYAT_ARTIR";"599.08";"[""CHANGE_TOO_SMALL""]";"2. sırada kontrollü kâr artışı yoklaması";"FIYAT_ARTIR";"599.08";"[]";"2. sırada kontrollü kâr artışı yoklaması";"BUYBOX_UNAVAILABLE";"cts_removed_profit_probe"
"86963828191991";"3 lü Oda Kokusu";"2";"795.45";"732.39";"795.45";"836.28";"765.23";"";"";"FIYAT_ARTIR";"795.55";"[""CHANGE_TOO_SMALL""]";"2. sırada kontrollü kâr artışı yoklaması";"FIYAT_ARTIR";"795.55";"[]";"2. sırada kontrollü kâr artışı yoklaması";"BUYBOX_UNAVAILABLE_MIN_PRICE_LIMIT";"cts_removed_profit_probe"
"8696696580377";"Vegan Fit Kurabiye Vegan Yer Fıstığı Kakao Glutensiz Yüksek Lifli Sağlıklı Atıştırmalık 4'lü Set";"2";"902.30";"422.66";"902.30";"902.50";"437.20";"";"";"FIYAT_ARTIR";"902.4";"[""CHANGE_TOO_SMALL""]";"2. sırada kontrollü kâr artışı yoklaması";"FIYAT_ARTIR";"902.4";"[]";"2. sırada kontrollü kâr artışı yoklaması";"BUYBOX_UNAVAILABLE_MIN_PRICE_LIMIT";"cts_removed_profit_probe"
"8697440147852";"Colombia Çekirdek Kahve %100 Arabica Orta Kavrulmuş 500 gr 2 Adet (Toplam 1000 gr)";"2";"1297.15";"1268.68";"1297.15";"1300.99";"1258.47";"";"";"FIYAT_ARTIR";"1300.89";"[""CHANGE_TOO_SMALL""]";"2. sırada kontrollü kâr artışı yoklaması";"FIYAT_ARTIR";"1300.89";"[]";"2. sırada kontrollü kâr artışı yoklaması";"BUYBOX_UNAVAILABLE";"cts_removed_profit_probe"
"8697430105849";"Lüks Karışık Kuru Meyve 4'lü Paket | Doğal İncir Kayısı Üzüm Karışımı | 4 Adet X 250 gr";"2";"920.58";"795.94";"920.58";"925.02";"808.06";"";"";"FIYAT_ARTIR";"924.92";"[""CHANGE_TOO_SMALL""]";"2. sırada kontrollü kâr artışı yoklaması";"FIYAT_ARTIR";"924.92";"[]";"2. sırada kontrollü kâr artışı yoklaması";"BUYBOX_UNAVAILABLE_MIN_PRICE_LIMIT";"cts_removed_profit_probe"
"86975420159763";"Közlenmiş Domates Menemen Harcı Gurme Lezzet %82 Domates Oranı 340 gr 4 Adet (Toplam 1360 gr)";"2";"569.59";"565.80";"569.59";"601.10";"526.58";"";"";"FIYAT_ARTIR";"573.34";"[""CHANGE_TOO_SMALL""]";"2. sırada kontrollü kâr artışı yoklaması";"FIYAT_ARTIR";"573.34";"[]";"2. sırada kontrollü kâr artışı yoklaması";"BUYBOX_UNAVAILABLE";"cts_removed_profit_probe"
"8699273718177";"2 li Oda Kokusu";"2";"631.61";"579.00";"631.61";"674.64";"580.42";"";"";"FIYAT_ARTIR";"636.1";"[""CHANGE_TOO_SMALL""]";"2. sırada kontrollü kâr artışı yoklaması";"FIYAT_ARTIR";"636.1";"[]";"2. sırada kontrollü kâr artışı yoklaması";"BUYBOX_UNAVAILABLE_MIN_PRICE_LIMIT";"cts_removed_profit_probe"
"8699262637838818";"Lungo Kapsül Kahve 10 Adet";"2";"393.06";"345.00";"393.06";"393.06";"384.98";"";"";"KORU";"393.06";"[""CHANGE_TOO_SMALL""]";"Üst sıra minimum fiyatın altında; mevcut sıra korunuyor";"KORU";"393.06";"[]";"Üst sıra minimum fiyatın altında; mevcut sıra korunuyor";"BUYBOX_UNAVAILABLE_MIN_PRICE_LIMIT";"cts_removed_keep"
"8699947040169";"Çiğ Karabuğday Unu | Doğal, Glütensiz, Yüksek Proteinli, Diyet Vegan Un 1000 gr X 4 Adet";"2";"1272.28";"1102.79";"1272.28";"1274.90";"1228.19";"";"";"FIYAT_ARTIR";"1274.8";"[""CHANGE_TOO_SMALL""]";"2. sırada kontrollü kâr artışı yoklaması";"FIYAT_ARTIR";"1274.8";"[]";"2. sırada kontrollü kâr artışı yoklaması";"BUYBOX_UNAVAILABLE_MIN_PRICE_LIMIT";"cts_removed_profit_probe"
"8966633256665";"Mercy Night Parfüm 50ml";"2";"472.75";"369.00";"472.75";"484.00";"378.43";"";"";"FIYAT_ARTIR";"476.5";"[""CHANGE_TOO_SMALL""]";"2. sırada kontrollü kâr artışı yoklaması";"FIYAT_ARTIR";"476.5";"[]";"2. sırada kontrollü kâr artışı yoklaması";"BUYBOX_UNAVAILABLE_MIN_PRICE_LIMIT";"cts_removed_profit_probe"
"8953625485775";"Pudralı Oda Ve Kumaş Kokusu Pudra 500 ml X 3 Adet";"2";"781.24";"767.03";"781.24";"831.00";"765.23";"";"";"FIYAT_ARTIR";"784.99";"[""CHANGE_TOO_SMALL""]";"2. sırada kontrollü kâr artışı yoklaması";"FIYAT_ARTIR";"784.99";"[]";"2. sırada kontrollü kâr artışı yoklaması";"BUYBOX_UNAVAILABLE";"cts_removed_profit_probe"
"898787889988525";"MERCY SPORT FOR MEN 50 ml X 2 AVANTAJLI PAKET";"2";"599.99";"554.00";"599.99";"";"563.62";"";"";"KORU";"599.99";"[""CHANGE_TOO_SMALL""]";"Üst sıra minimum fiyatın altında; mevcut sıra korunuyor";"KORU";"599.99";"[]";"Üst sıra minimum fiyatın altında; mevcut sıra korunuyor";"BUYBOX_UNAVAILABLE_MIN_PRICE_LIMIT";"cts_removed_keep"
"9899886946";"Papaya Özlü Glutensiz Diş Macunu 3'lü";"2";"587.97";"578.68";"587.97";"";"557.44";"";"";"KORU";"587.97";"[""CHANGE_TOO_SMALL""]";"Üst sıra minimum fiyatın altında; mevcut sıra korunuyor";"FIYAT_DUSUR";"557.44";"[]";"Öğrenilmiş fiyat kırma minimumun altında; güvenli minimum fiyat hedefleniyor";"BUYBOX_AVAILABLE";"cts_removed_keep|learned_cut_min_price_fallback"
"898964949464646";"Glutensiz Çilekli Süt Reçeli 270 g";"2";"320.08";"321.08";"320.08";"339.00";"324.30";"";"";"MIN_FIYATA_TOPARLA";"324.3";"[""CHANGE_TOO_SMALL""]";"Minimum fiyata güvenli toparlama";"MIN_FIYATA_TOPARLA";"324.3";"[]";"Minimum fiyata güvenli toparlama";"BUYBOX_UNAVAILABLE_MIN_PRICE_LIMIT";"cts_removed_min_recovery"
"9874466464646";"Glutensiz Muzlu Süt Reçeli 3x270 g";"2";"630.33";"624.68";"630.33";"629.00";"613.00";"";"";"KORU";"630.33";"[""CHANGE_TOO_SMALL""]";"Üst sıra minimum fiyatın altında; mevcut sıra korunuyor";"FIYAT_DUSUR";"613";"[]";"Öğrenilmiş fiyat kırma minimumun altında; güvenli minimum fiyat hedefleniyor";"BUYBOX_AVAILABLE";"cts_removed_keep|learned_cut_min_price_fallback"
"daycaremarsilyagülü2li";"Marsilya Gülü Sıvı Sabun 500 ml X 2 Adet";"2";"511.77";"505.23";"511.77";"";"511.77";"";"";"KORU";"511.77";"[""CHANGE_TOO_SMALL""]";"Üst sıra minimum fiyatın altında; mevcut sıra korunuyor";"KORU";"511.77";"[]";"Üst sıra minimum fiyatın altında; mevcut sıra korunuyor";"BUYBOX_UNAVAILABLE_MIN_PRICE_LIMIT";"cts_removed_keep"
"FAFE01Y5";"Islak Havlu Mendil 100 lü 5 Adet";"2";"512.82";"459.00";"512.82";"520.00";"478.52";"";"";"FIYAT_ARTIR";"516.57";"[""BLACKLISTED"",""CHANGE_TOO_SMALL""]";"2. sırada kontrollü kâr artışı yoklaması";"FIYAT_ARTIR";"516.57";"[""BLACKLISTED""]";"2. sırada kontrollü kâr artışı yoklaması";"BUYBOX_UNAVAILABLE_MIN_PRICE_LIMIT";"cts_removed_profit_probe"
"HARKR0009";"Kavrulmuş Tuzsuz Kabak Çekirdeği 200 Gr";"2";"266.80";"248.00";"266.80";"266.90";"258.86";"";"";"KORU";"266.8";"[""CHANGE_TOO_SMALL""]";"Üst sıra minimum fiyatın altında; mevcut sıra korunuyor";"KORU";"266.8";"[]";"Üst sıra minimum fiyatın altında; mevcut sıra korunuyor";"BUYBOX_UNAVAILABLE_MIN_PRICE_LIMIT";"cts_removed_keep"
"hareskap3";"Nespresso Uyumlu Kapsül Kahve Espresso 3 Kutu";"2";"786.71";"781.08";"786.71";"851.83";"782.57";"";"";"FIYAT_ARTIR";"791.2";"[""CHANGE_TOO_SMALL""]";"2. sırada kontrollü kâr artışı yoklaması";"FIYAT_ARTIR";"791.2";"[]";"2. sırada kontrollü kâr artışı yoklaması";"BUYBOX_UNAVAILABLE_MIN_PRICE_LIMIT";"cts_removed_profit_probe"
"harrasopaceylon500gr";"O.P.A Ceylon Siyah Çay 300 Gr";"2";"420.15";"399.99";"420.15";"";"420.15";"";"";"KORU";"420.15";"[""CHANGE_TOO_SMALL""]";"Üst sıra minimum fiyatın altında; mevcut sıra korunuyor";"KORU";"420.15";"[]";"Üst sıra minimum fiyatın altında; mevcut sıra korunuyor";"BUYBOX_UNAVAILABLE_MIN_PRICE_LIMIT";"cts_removed_keep"
"HSTOBA6202101";"Bergamot Aromalı Çay 1000 G. X 6";"2";"2234.38";"2181.43";"2234.38";"";"2234.38";"";"";"KORU";"2234.38";"[""CHANGE_TOO_SMALL""]";"Üst sıra minimum fiyatın altında; mevcut sıra korunuyor";"KORU";"2234.38";"[]";"Üst sıra minimum fiyatın altında; mevcut sıra korunuyor";"BUYBOX_UNAVAILABLE_MIN_PRICE_LIMIT";"cts_removed_keep"
"islakhavlu";"Bio Çözünür Islak Havlu 60’lı x 3 Paket";"2";"454.08";"459.08";"454.08";"499.00";"447.94";"";"";"FIYAT_ARTIR";"457.83";"[""CHANGE_TOO_SMALL""]";"2. sırada kontrollü kâr artışı yoklaması";"FIYAT_ARTIR";"457.83";"[]";"2. sırada kontrollü kâr artışı yoklaması";"BUYBOX_UNAVAILABLE";"cts_removed_profit_probe"
"TSPZRLTX3475LDVNSM";"Pudralı Hijyenik Latex Eldiven 50 Adet S/m";"2";"342.98";"343.98";"342.98";"";"347.75";"";"";"MIN_FIYATA_TOPARLA";"347.75";"[""CHANGE_TOO_SMALL""]";"Minimum fiyata güvenli toparlama";"MIN_FIYATA_TOPARLA";"347.75";"[]";"Minimum fiyata güvenli toparlama";"BUYBOX_UNAVAILABLE_MIN_PRICE_LIMIT";"cts_removed_min_recovery"
"TYB0Z2NIBTB9YY7O14";"%100 Nar Ekşisi Cam 250 ml";"2";"364.85";"338.00";"364.85";"349.99";"364.85";"";"";"KORU";"364.85";"[""CHANGE_TOO_SMALL""]";"Üst sıra minimum fiyatın altında; mevcut sıra korunuyor";"KORU";"364.85";"[]";"Üst sıra minimum fiyatın altında; mevcut sıra korunuyor";"BUYBOX_UNAVAILABLE_MIN_PRICE_LIMIT";"cts_removed_keep"
"TYB7YLT9B7ALPT3U51";"Limon Kolonyası 400 ml Cam Şişe";"2";"449.00";"440.15";"449.00";"";"445.10";"";"";"KORU";"449";"[""CHANGE_TOO_SMALL""]";"Üst sıra minimum fiyatın altında; mevcut sıra korunuyor";"KORU";"449";"[]";"Üst sıra minimum fiyatın altında; mevcut sıra korunuyor";"BUYBOX_UNAVAILABLE_MIN_PRICE_LIMIT";"cts_removed_keep"
"TYB9VFJH9RU47NXH82";"Mikrofiber Temizlik Bezi 5'Lİ";"2";"334.99";"289.00";"334.99";"449.00";"320.10";"";"";"FIYAT_ARTIR";"337.8";"[""CHANGE_TOO_SMALL""]";"2. sırada kontrollü kâr artışı yoklaması";"FIYAT_ARTIR";"337.8";"[]";"2. sırada kontrollü kâr artışı yoklaması";"BUYBOX_UNAVAILABLE_MIN_PRICE_LIMIT";"cts_removed_profit_probe"
"TYBBN3C8Z949PFXR06";"Tam Buğday Unu 1 Kg";"2";"254.90";"248.00";"254.90";"255.00";"250.10";"";"";"KORU";"254.9";"[""CHANGE_TOO_SMALL""]";"Üst sıra minimum fiyatın altında; mevcut sıra korunuyor";"KORU";"254.9";"[]";"Üst sıra minimum fiyatın altında; mevcut sıra korunuyor";"BUYBOX_UNAVAILABLE_MIN_PRICE_LIMIT";"cts_removed_keep"
"TYBCDNCUAOG1I7PP58";"Islak Havlu 20'li x 3 Paket";"2";"379.99";"345.00";"379.99";"";"350.27";"";"";"KORU";"379.99";"[""CHANGE_TOO_SMALL""]";"Üst sıra minimum fiyatın altında; mevcut sıra korunuyor";"KORU";"379.99";"[]";"Üst sıra minimum fiyatın altında; mevcut sıra korunuyor";"BUYBOX_UNAVAILABLE_MIN_PRICE_LIMIT";"cts_removed_keep"
"TYBECM0UGYBNAXBV51";"Organik Dut Kurusu 200 g";"2";"599.89";"528.00";"599.89";"599.99";"532.75";"";"";"KORU";"599.89";"[""CHANGE_TOO_SMALL""]";"Üst sıra minimum fiyatın altında; mevcut sıra korunuyor";"KORU";"599.89";"[]";"Üst sıra minimum fiyatın altında; mevcut sıra korunuyor";"BUYBOX_UNAVAILABLE_MIN_PRICE_LIMIT";"cts_removed_keep"
"TYBCVQ8BNQ4XVN6L94";"Sade Blok Tahin Helvası 2 x 500 gr";"2";"524.21";"370.91";"524.21";"524.21";"514.23";"";"";"KORU";"524.21";"[""CHANGE_TOO_SMALL""]";"Üst sıra minimum fiyatın altında; mevcut sıra korunuyor";"KORU";"524.21";"[]";"Üst sıra minimum fiyatın altında; mevcut sıra korunuyor";"BUYBOX_UNAVAILABLE_MIN_PRICE_LIMIT";"cts_removed_keep"
"TYBOAKK13C8XSBYX85";"Basmati Pirinç 2.5 KG";"2";"531.87";"480.90";"531.87";"534.90";"490.65";"";"";"FIYAT_ARTIR";"532.24";"[""CHANGE_TOO_SMALL""]";"2. sırada kontrollü kâr artışı yoklaması";"FIYAT_ARTIR";"532.24";"[]";"2. sırada kontrollü kâr artışı yoklaması";"BUYBOX_UNAVAILABLE_MIN_PRICE_LIMIT";"cts_removed_profit_probe"
"TYBQ7OOFL7SN5QQ823";"Değirmenli Himalaya Tuzu 100gr";"2";"297.90";"275.08";"297.90";"297.90";"293.43";"";"";"KORU";"297.9";"[""CHANGE_TOO_SMALL""]";"Üst sıra minimum fiyatın altında; mevcut sıra korunuyor";"KORU";"297.9";"[]";"Üst sıra minimum fiyatın altında; mevcut sıra korunuyor";"BUYBOX_UNAVAILABLE_MIN_PRICE_LIMIT";"cts_removed_keep"
"TYBUUZ3AAYBMVV7R34";"Cam Şişe Mimoza Kolonya 200ml + 200ml";"2";"541.44";"535.00";"541.44";"541.44";"545.10";"";"";"MIN_FIYATA_TOPARLA";"545.1";"[""CHANGE_TOO_SMALL""]";"Minimum fiyata güvenli toparlama";"MIN_FIYATA_TOPARLA";"545.1";"[]";"Minimum fiyata güvenli toparlama";"BUYBOX_UNAVAILABLE_MIN_PRICE_LIMIT";"cts_removed_min_recovery"
"TYBYKD0TATYLWSM557";"ACTİSOFT Sıvı Beyaz Sabun Yüzey Temizleyici 1000 ml X 2 ADET";"2";"429.92";"413.00";"429.92";"435.00";"419.92";"";"";"FIYAT_ARTIR";"434.9";"[""CHANGE_TOO_SMALL""]";"2. sırada kontrollü kâr artışı yoklaması";"FIYAT_ARTIR";"434.9";"[]";"2. sırada kontrollü kâr artışı yoklaması";"BUYBOX_UNAVAILABLE_MIN_PRICE_LIMIT";"cts_removed_profit_probe"
"TYBXRAVFYC2ZCH9F69";"Kavrulmuş Badem İçi 150 g x 2 Adet";"2";"499.79";"447.00";"499.79";"499.99";"459.91";"";"";"FIYAT_ARTIR";"499.89";"[""CHANGE_TOO_SMALL""]";"2. sırada kontrollü kâr artışı yoklaması";"FIYAT_ARTIR";"499.89";"[]";"2. sırada kontrollü kâr artışı yoklaması";"BUYBOX_UNAVAILABLE_MIN_PRICE_LIMIT";"cts_removed_profit_probe"
"68989646464";"Cranberry Turna Yemişi 150 g";"2";"343.94";"302.80";"343.94";"394.68";"294.67";"";"";"FIYAT_ARTIR";"347.69";"[""CHANGE_TOO_SMALL""]";"2. sırada kontrollü kâr artışı yoklaması";"FIYAT_ARTIR";"347.69";"[]";"2. sırada kontrollü kâr artışı yoklaması";"BUYBOX_UNAVAILABLE";"cts_removed_profit_probe"
"699946647789798";"Glutensiz Çilekli Süt Reçeli 3x270 g";"2";"645.33";"633.88";"645.33";"644.00";"613.00";"";"";"KORU";"645.33";"[""CHANGE_TOO_SMALL""]";"Üst sıra minimum fiyatın altında; mevcut sıra korunuyor";"FIYAT_DUSUR";"613";"[]";"Öğrenilmiş fiyat kırma minimumun altında; güvenli minimum fiyat hedefleniyor";"BUYBOX_AVAILABLE";"cts_removed_keep|learned_cut_min_price_fallback"
"300068528568454150";"- 3 Adet X 300 ml Oda Kokusu Masal Bahçe";"2";"578.20";"515.00";"578.20";"583.84";"543.08";"";"";"FIYAT_ARTIR";"581.01";"[""CHANGE_TOO_SMALL""]";"2. sırada kontrollü kâr artışı yoklaması";"FIYAT_ARTIR";"581.01";"[]";"2. sırada kontrollü kâr artışı yoklaması";"BUYBOX_UNAVAILABLE_MIN_PRICE_LIMIT";"cts_removed_profit_probe"
"8130000006512";"Vegan meyve pestili Çilek Elma Yaban Mersini Havuç 14gr X 10 adet";"2";"399.90";"330.00";"399.90";"396.00";"387.07";"";"";"KORU";"399.9";"[""CHANGE_TOO_SMALL""]";"Üst sıra minimum fiyatın altında; mevcut sıra korunuyor";"KORU";"399.9";"[]";"Üst sıra minimum fiyatın altında; mevcut sıra korunuyor";"BUYBOX_UNAVAILABLE_MIN_PRICE_LIMIT";"cts_removed_keep"
"736393991928888";"hindi tandır 2x120 gr";"2";"438.93";"345.00";"438.93";"";"438.93";"";"";"KORU";"438.93";"[""CHANGE_TOO_SMALL""]";"Üst sıra minimum fiyatın altında; mevcut sıra korunuyor";"KORU";"438.93";"[]";"Üst sıra minimum fiyatın altında; mevcut sıra korunuyor";"BUYBOX_UNAVAILABLE_MIN_PRICE_LIMIT";"cts_removed_keep"
"8690105741951";"Çekirdeksiz Kuru Erik 4'lü Paket | Lezzetli & Doğal Atıştırmalık | 4 Adet X 175 gr";"2";"999.90";"849.99";"999.90";"990.00";"926.58";"";"";"KORU";"999.9";"[""CHANGE_TOO_SMALL""]";"Üst sıra minimum fiyatın altında; mevcut sıra korunuyor";"KORU";"999.9";"[]";"Üst sıra minimum fiyatın altında; mevcut sıra korunuyor";"BUYBOX_UNAVAILABLE_MIN_PRICE_LIMIT";"cts_removed_keep"
"8684992012245";"%5 Üre Vücut Losyonu 300 ml – Kuru Ciltler İçin Nemlendirici Bakım";"2";"402.85";"394.68";"402.85";"399.00";"401.89";"";"";"KORU";"402.85";"[""CHANGE_TOO_SMALL""]";"Üst sıra minimum fiyatın altında; mevcut sıra korunuyor";"KORU";"402.85";"[]";"Üst sıra minimum fiyatın altında; mevcut sıra korunuyor";"BUYBOX_UNAVAILABLE_MIN_PRICE_LIMIT";"cts_removed_keep"
"8690506507314";"Tıraş Köpüğü Aloe Vera & E vitamini Alkol İçermeyen 4 Adet X 200ml";"2";"998.90";"989.90";"998.90";"999.80";"990.78";"";"";"FIYAT_ARTIR";"999.7";"[""CHANGE_TOO_SMALL""]";"2. sırada kontrollü kâr artışı yoklaması";"FIYAT_ARTIR";"999.7";"[]";"2. sırada kontrollü kâr artışı yoklaması";"BUYBOX_UNAVAILABLE_MIN_PRICE_LIMIT";"cts_removed_profit_probe"
"8690530033914";"Aqua Kolonya 4 Adet X 200ml";"2";"928.94";"850.91";"928.94";"949.05";"857.44";"";"";"FIYAT_ARTIR";"932.69";"[""CHANGE_TOO_SMALL""]";"2. sırada kontrollü kâr artışı yoklaması";"FIYAT_ARTIR";"932.69";"[]";"2. sırada kontrollü kâr artışı yoklaması";"BUYBOX_UNAVAILABLE_MIN_PRICE_LIMIT";"cts_removed_profit_probe"
"8695070117182";"Rose kadın parfüm 50 ml +Jasmine kadın parfüm 2 li";"2";"587.00";"566.76";"587.00";"589.78";"563.62";"";"";"FIYAT_ARTIR";"589.68";"[""CHANGE_TOO_SMALL""]";"2. sırada kontrollü kâr artışı yoklaması";"FIYAT_ARTIR";"589.68";"[]";"2. sırada kontrollü kâr artışı yoklaması";"BUYBOX_UNAVAILABLE";"cts_removed_profit_probe"
"8695077163312";"Oda Ve Kumaş Kokusu Kaşmir 2 adet x 500 ml";"2";"588.76";"597.00";"588.76";"595.00";"580.42";"";"";"FIYAT_ARTIR";"592.51";"[""CHANGE_TOO_SMALL""]";"2. sırada kontrollü kâr artışı yoklaması";"FIYAT_ARTIR";"592.51";"[]";"2. sırada kontrollü kâr artışı yoklaması";"BUYBOX_UNAVAILABLE";"cts_removed_profit_probe"
"8695077153173";"Böğürtlenli Dudak Bakım Kremi Lip Balm";"2";"285.00";"197.80";"285.00";"";"230.47";"";"";"KORU";"285";"[""CHANGE_TOO_SMALL""]";"Üst sıra minimum fiyatın altında; mevcut sıra korunuyor";"KORU";"285";"[]";"Üst sıra minimum fiyatın altında; mevcut sıra korunuyor";"BUYBOX_UNAVAILABLE_MIN_PRICE_LIMIT";"cts_removed_keep"
"8695077OO6741";"Islak Bebek Havlusu";"2";"294.00";"285.00";"294.00";"";"286.84";"";"";"KORU";"294";"[""CHANGE_TOO_SMALL""]";"Üst sıra minimum fiyatın altında; mevcut sıra korunuyor";"KORU";"294";"[]";"Üst sıra minimum fiyatın altında; mevcut sıra korunuyor";"BUYBOX_UNAVAILABLE_MIN_PRICE_LIMIT";"cts_removed_keep"
"89931855775588";"Tam koruma ve beyazlatıcı diş macunu 75ml";"2";"286.65";"255.00";"286.65";"";"278.62";"";"";"KORU";"286.65";"[""CHANGE_TOO_SMALL""]";"Üst sıra minimum fiyatın altında; mevcut sıra korunuyor";"KORU";"286.65";"[]";"Üst sıra minimum fiyatın altında; mevcut sıra korunuyor";"BUYBOX_UNAVAILABLE_MIN_PRICE_LIMIT";"cts_removed_keep"
"89594944646";"Cranberry Turna Yemişi 2x150 g";"2";"449.68";"431.48";"449.68";"449.99";"432.75";"";"";"FIYAT_ARTIR";"449.89";"[""CHANGE_TOO_SMALL""]";"2. sırada kontrollü kâr artışı yoklaması";"FIYAT_ARTIR";"449.89";"[]";"2. sırada kontrollü kâr artışı yoklaması";"BUYBOX_UNAVAILABLE_MIN_PRICE_LIMIT";"cts_removed_profit_probe"
"hareskap11";"Nespresso Uyumlu Kapsül Kahve Espresso 1 Kutu";"2";"393.06";"345.00";"393.06";"393.06";"384.98";"";"";"KORU";"393.06";"[""CHANGE_TOO_SMALL""]";"Üst sıra minimum fiyatın altında; mevcut sıra korunuyor";"KORU";"393.06";"[]";"Üst sıra minimum fiyatın altında; mevcut sıra korunuyor";"BUYBOX_UNAVAILABLE_MIN_PRICE_LIMIT";"cts_removed_keep"
"TYB4M88PKLP4S95390";"Orta Boy Çöp Torbası (3 Adet) 30'lu";"2";"443.04";"345.00";"443.04";"481.16";"408.47";"";"";"FIYAT_ARTIR";"444.62";"[""CHANGE_TOO_SMALL""]";"2. sırada kontrollü kâr artışı yoklaması";"FIYAT_ARTIR";"444.62";"[]";"2. sırada kontrollü kâr artışı yoklaması";"BUYBOX_UNAVAILABLE_MIN_PRICE_LIMIT";"cts_removed_profit_probe"
"TYB93I4RHEYJYD7D82";"Islak Havlu 6'lı Set 300 Yaprak Çok Amaçlı Temizlik Mendili Ev Araç Seyahat Kullanımı";"2";"275.21";"279.99";"275.21";"";"275.21";"";"";"KORU";"275.21";"[""CHANGE_TOO_SMALL""]";"Fiyat korunuyor";"KORU";"275.21";"[]";"Fiyat korunuyor";"BUYBOX_UNAVAILABLE";"cts_removed_keep"
"TYBGRQD9451MF7S999";"Doğal Beyaz Banyo Sabunu 4 X 200 Gr";"2";"336.04";"192.28";"336.04";"336.04";"323.06";"";"";"KORU";"336.04";"[""CHANGE_TOO_SMALL""]";"Üst sıra minimum fiyatın altında; mevcut sıra korunuyor";"KORU";"336.04";"[]";"Üst sıra minimum fiyatın altında; mevcut sıra korunuyor";"BUYBOX_UNAVAILABLE_MIN_PRICE_LIMIT";"cts_removed_keep"
"TYBLWZ7ZODR7JJ6E90";"Lotus Çiçeği Sıvı Sabun 500 ml. X 2 Adet";"2";"507.16";"495.88";"507.16";"507.16";"511.77";"";"";"MIN_FIYATA_TOPARLA";"511.77";"[""CHANGE_TOO_SMALL""]";"Minimum fiyata güvenli toparlama";"MIN_FIYATA_TOPARLA";"511.77";"[]";"Minimum fiyata güvenli toparlama";"BUYBOX_UNAVAILABLE_MIN_PRICE_LIMIT";"cts_removed_min_recovery"
"TYBWRWKNXL1XBX0M80";"Sıvı Krem Yüzey Temizleyici Limon Kokulu 750 ml (3 ADET)";"2";"472.20";"455.81";"472.20";"";"472.20";"";"";"KORU";"472.2";"[""CHANGE_TOO_SMALL""]";"Üst sıra minimum fiyatın altında; mevcut sıra korunuyor";"KORU";"472.2";"[]";"Üst sıra minimum fiyatın altında; mevcut sıra korunuyor";"BUYBOX_UNAVAILABLE_MIN_PRICE_LIMIT";"cts_removed_keep"
"120120264IN10001";"Ş.İlavesiz %65 Meyveli Reçel 4'lü Set 275 gr";"3";"892.01";"798.00";"885.48";"892.01";"892.01";"";"";"KORU";"892.01";"[""CHANGE_TOO_SMALL""]";"Üst sıra minimum fiyatın altında; mevcut sıra korunuyor";"KORU";"892.01";"[]";"Üst sıra minimum fiyatın altında; mevcut sıra korunuyor";"BUYBOX_UNAVAILABLE_MIN_PRICE_LIMIT";"cts_removed_keep"
"0869507713504";"Şeker İlavesiz Çilek Vişne Reçeli Ekstra Geleneksel 2 Adet x 275 gr";"3";"558.85";"509.92";"509.92";"558.85";"548.80";"";"";"KORU";"558.85";"[""CHANGE_TOO_SMALL""]";"Üst sıra minimum fiyatın altında; mevcut sıra korunuyor";"KORU";"558.85";"[]";"Üst sıra minimum fiyatın altında; mevcut sıra korunuyor";"BUYBOX_UNAVAILABLE_MIN_PRICE_LIMIT";"cts_removed_keep"
"25952156610052145";"Activit Bulaşık Makinesi Tuzu 1500 gr 2 ADET";"3";"290.59";"263.00";"259.00";"290.59";"273.11";"";"";"KORU";"290.59";"[""CHANGE_TOO_SMALL""]";"Üst sıra minimum fiyatın altında; mevcut sıra korunuyor";"KORU";"290.59";"[]";"Üst sıra minimum fiyatın altında; mevcut sıra korunuyor";"BUYBOX_UNAVAILABLE_MIN_PRICE_LIMIT";"cts_removed_keep"
"31012026NEW001";"Zeytin Çiçeği Kolonya 80’ 100 ml x 2 Adet";"3";"284.79";"259.00";"268.00";"284.79";"284.79";"";"";"KORU";"284.79";"[""CHANGE_TOO_SMALL""]";"Üst sıra minimum fiyatın altında; mevcut sıra korunuyor";"KORU";"284.79";"[]";"Üst sıra minimum fiyatın altında; mevcut sıra korunuyor";"BUYBOX_UNAVAILABLE_MIN_PRICE_LIMIT";"cts_removed_keep"
"31122025HKN0062";"Kurulama Gerektirmeyen Bez 2'li";"3";"338.00";"315.00";"319.00";"338.00";"333.95";"";"";"KORU";"338";"[""CHANGE_TOO_SMALL""]";"Üst sıra minimum fiyatın altında; mevcut sıra korunuyor";"KORU";"338";"[]";"Üst sıra minimum fiyatın altında; mevcut sıra korunuyor";"BUYBOX_UNAVAILABLE_MIN_PRICE_LIMIT";"cts_removed_keep"
"31122025HKN0032";"Çiğ Karabuğday Unu 1000 g";"3";"448.80";"398.00";"407.70";"448.80";"448.80";"";"";"KORU";"448.8";"[""CHANGE_TOO_SMALL""]";"Üst sıra minimum fiyatın altında; mevcut sıra korunuyor";"KORU";"448.8";"[]";"Üst sıra minimum fiyatın altında; mevcut sıra korunuyor";"BUYBOX_UNAVAILABLE_MIN_PRICE_LIMIT";"cts_removed_keep"
"4009300595373";"Teekanna Blueberry Bitki Çayı";"3";"328.63";"199.00";"199.00";"328.63";"281.09";"";"";"KORU";"328.63";"[""CHANGE_TOO_SMALL""]";"Üst sıra minimum fiyatın altında; mevcut sıra korunuyor";"KORU";"328.63";"[]";"Üst sıra minimum fiyatın altında; mevcut sıra korunuyor";"BUYBOX_UNAVAILABLE_MIN_PRICE_LIMIT";"cts_removed_keep"
"5050136875123";"Pure & Diamond 2'li set Kadın Edp Parfüm 100 ml + 100 ml";"3";"1268.25";"1056.95";"1241.08";"1268.25";"1267.32";"";"";"KORU";"1268.25";"[""CHANGE_TOO_SMALL""]";"Üst sıra minimum fiyatın altında; mevcut sıra korunuyor";"KORU";"1268.25";"[]";"Üst sıra minimum fiyatın altında; mevcut sıra korunuyor";"BUYBOX_UNAVAILABLE_MIN_PRICE_LIMIT";"cts_removed_keep"
"5050136875113";"Diamond Kadın Edp Parfüm 2 Adet X 100 Ml";"3";"1279.69";"1250.28";"1260.79";"1279.69";"1267.32";"";"";"KORU";"1279.69";"[""CHANGE_TOO_SMALL""]";"Üst sıra minimum fiyatın altında; mevcut sıra korunuyor";"KORU";"1279.69";"[]";"Üst sıra minimum fiyatın altında; mevcut sıra korunuyor";"BUYBOX_UNAVAILABLE_MIN_PRICE_LIMIT";"cts_removed_keep"
"6987946466444";"Glutensiz Muzlu Süt Reçeli 270 g";"3";"345.08";"321.08";"319.00";"345.08";"324.30";"";"";"KORU";"345.08";"[""CHANGE_TOO_SMALL""]";"Üst sıra minimum fiyatın altında; mevcut sıra korunuyor";"KORU";"345.08";"[]";"Üst sıra minimum fiyatın altında; mevcut sıra korunuyor";"BUYBOX_UNAVAILABLE_MIN_PRICE_LIMIT";"cts_removed_keep"
"85510547498799";"El Kremi 50 Ml Bahar Buketi 2 ADET";"3";"274.91";"267.90";"268.14";"274.91";"274.91";"";"";"KORU";"274.91";"[""CHANGE_TOO_SMALL""]";"Üst sıra minimum fiyatın altında; mevcut sıra korunuyor";"KORU";"274.91";"[]";"Üst sıra minimum fiyatın altında; mevcut sıra korunuyor";"BUYBOX_UNAVAILABLE_MIN_PRICE_LIMIT";"cts_removed_keep"
"83746361771727273";"Sıvı Beyaz Sabun 2’li";"3";"386.72";"381.16";"385.48";"386.72";"366.09";"";"";"KORU";"386.72";"[""CHANGE_TOO_SMALL""]";"Üst sıra minimum fiyatın altında; mevcut sıra korunuyor";"FIYAT_DUSUR";"366.09";"[]";"Öğrenilmiş fiyat kırma minimumun altında; güvenli minimum fiyat hedefleniyor";"BUYBOX_AVAILABLE";"cts_removed_keep|learned_cut_min_price_fallback"
"8645123101218";"Çiğ İç Kabak Çekirdeği 4'lü Yüksek Lifli Sağlıklı Atıştırmalık 4 X 150 gr";"3";"685.07";"600.65";"666.54";"685.07";"680.90";"";"";"KORU";"685.07";"[""CHANGE_TOO_SMALL""]";"Üst sıra minimum fiyatın altında; mevcut sıra korunuyor";"KORU";"685.07";"[]";"Üst sıra minimum fiyatın altında; mevcut sıra korunuyor";"BUYBOX_UNAVAILABLE_MIN_PRICE_LIMIT";"cts_removed_keep"
"8681763309471";"Gold 100 ml Erkek Edp Parfüm (2 ADET)";"3";"1273.14";"1029.60";"1241.08";"1273.14";"1267.32";"";"";"KORU";"1273.14";"[""CHANGE_TOO_SMALL""]";"Üst sıra minimum fiyatın altında; mevcut sıra korunuyor";"KORU";"1273.14";"[]";"Üst sıra minimum fiyatın altında; mevcut sıra korunuyor";"BUYBOX_UNAVAILABLE_MIN_PRICE_LIMIT";"cts_removed_keep"
"8680710208485";"Bitkisel Özlü Jel Bulaşık Makinesi Deterjanı Klor ve Fosfat İçermez 1000 ml x 4 Adet (160 Yıkama)";"3";"1072.46";"939.00";"1057.08";"1072.46";"1010.64";"";"";"KORU";"1072.46";"[""CHANGE_TOO_SMALL""]";"Üst sıra minimum fiyatın altında; mevcut sıra korunuyor";"KORU";"1072.46";"[]";"Üst sıra minimum fiyatın altında; mevcut sıra korunuyor";"BUYBOX_UNAVAILABLE_MIN_PRICE_LIMIT";"cts_removed_keep"
"8684992007573";"Biyobozunur Kürdanlı Diş İpi 50 Adet x 2 Paket";"3";"412.36";"404.00";"418.00";"412.36";"410.53";"";"";"KORU";"412.36";"[""CHANGE_TOO_SMALL""]";"2. sıraya kontrollü geçiş";"KORU";"412.36";"[]";"2. sıraya kontrollü geçiş";"BUYBOX_UNAVAILABLE_MIN_PRICE_LIMIT";"cts_removed_keep"
"8690108459413";"Yerli Antep Karası Kuru Üzüm Çekirdekli Taze 4 Adet X 300 gr";"3";"1183.37";"598.02";"1176.84";"1183.37";"1183.37";"";"";"KORU";"1183.37";"[""CHANGE_TOO_SMALL""]";"Üst sıra minimum fiyatın altında; mevcut sıra korunuyor";"KORU";"1183.37";"[]";"Üst sıra minimum fiyatın altında; mevcut sıra korunuyor";"BUYBOX_UNAVAILABLE_MIN_PRICE_LIMIT";"cts_removed_keep"
"8690504185437";"Rize Çayı 1000 gr";"3";"449.99";"349.00";"399.00";"449.99";"437.39";"";"";"KORU";"449.99";"[""CHANGE_TOO_SMALL""]";"Üst sıra minimum fiyatın altında; mevcut sıra korunuyor";"KORU";"449.99";"[]";"Üst sıra minimum fiyatın altında; mevcut sıra korunuyor";"BUYBOX_UNAVAILABLE_MIN_PRICE_LIMIT";"cts_removed_keep"
"8690699209598";"Jel Bulaşık Makinesi Deterjanı 1000 ml";"3";"413.86";"348.68";"345.00";"413.86";"384.98";"";"";"KORU";"413.86";"[""CHANGE_TOO_SMALL""]";"Üst sıra minimum fiyatın altında; mevcut sıra korunuyor";"KORU";"413.86";"[]";"Üst sıra minimum fiyatın altında; mevcut sıra korunuyor";"BUYBOX_UNAVAILABLE_MIN_PRICE_LIMIT";"cts_removed_keep"
"8691002415973";"Acı Lütenitsa Balkan Sosu 300 Gr x 4 Adet | Glutensiz Vegan Kahvaltılık Meze";"3";"775.44";"746.19";"777.40";"775.44";"743.86";"";"";"KORU";"775.44";"[""CHANGE_TOO_SMALL""]";"Üst sıra minimum fiyatın altında; mevcut sıra korunuyor";"FIYAT_DUSUR";"743.86";"[]";"Öğrenilmiş fiyat kırma minimumun altında; güvenli minimum fiyat hedefleniyor";"BUYBOX_AVAILABLE";"cts_removed_keep|learned_cut_min_price_fallback"
"86926627171881888";"Special Blend Çekirdek Kahve 500 gr";"3";"670.04";"647.08";"670.68";"670.04";"650.04";"";"";"KORU";"670.04";"[""CHANGE_TOO_SMALL""]";"Üst sıra minimum fiyatın altında; mevcut sıra korunuyor";"KORU";"670.04";"[]";"Üst sıra minimum fiyatın altında; mevcut sıra korunuyor";"BUYBOX_UNAVAILABLE_MIN_PRICE_LIMIT";"cts_removed_keep"
"8695010245547";"Yerli Çekirdeksiz Kuru Üzüm 4'lü Paket | Doğal Enerji Kaynağı | 4 Adet X 300 gr";"3";"561.15";"546.90";"554.62";"561.15";"561.15";"";"";"KORU";"561.15";"[""CHANGE_TOO_SMALL""]";"Üst sıra minimum fiyatın altında; mevcut sıra korunuyor";"KORU";"561.15";"[]";"Üst sıra minimum fiyatın altında; mevcut sıra korunuyor";"BUYBOX_UNAVAILABLE_MIN_PRICE_LIMIT";"cts_removed_keep"
"8695025458558";"Oda Ve Kumaş Kokusu Amber Paket 500 ml X 2 Adet";"3";"593.72";"546.84";"595.00";"593.72";"580.42";"";"";"KORU";"593.72";"[""CHANGE_TOO_SMALL""]";"Üst sıra minimum fiyatın altında; mevcut sıra korunuyor";"KORU";"593.72";"[]";"Üst sıra minimum fiyatın altında; mevcut sıra korunuyor";"BUYBOX_UNAVAILABLE_MIN_PRICE_LIMIT";"cts_removed_keep"
"8695077025254";"Oda Kokusu Pudra Etkisi 300 Ml *3 Adet";"3";"563.08";"479.54";"491.54";"563.08";"543.08";"";"";"KORU";"563.08";"[""CHANGE_TOO_SMALL""]";"Üst sıra minimum fiyatın altında; mevcut sıra korunuyor";"KORU";"563.08";"[]";"Üst sıra minimum fiyatın altında; mevcut sıra korunuyor";"BUYBOX_UNAVAILABLE_MIN_PRICE_LIMIT";"cts_removed_keep"
"8695077040925";"Şeker İlavesiz Çilek Karadut ve Vişne Reçeli Ekstra Geleneksel 3'lü set x 275 gr";"3";"734.00";"679.88";"681.17";"734.00";"720.41";"";"";"KORU";"734";"[""CHANGE_TOO_SMALL""]";"Üst sıra minimum fiyatın altında; mevcut sıra korunuyor";"KORU";"734";"[]";"Üst sıra minimum fiyatın altında; mevcut sıra korunuyor";"BUYBOX_UNAVAILABLE_MIN_PRICE_LIMIT";"cts_removed_keep"
"8695077098788";"%100 Nar Ekşisi Cam 250 ml";"3";"370.00";"292.05";"345.00";"370.00";"364.85";"";"";"KORU";"370";"[""CHANGE_TOO_SMALL""]";"Üst sıra minimum fiyatın altında; mevcut sıra korunuyor";"KORU";"370";"[]";"Üst sıra minimum fiyatın altında; mevcut sıra korunuyor";"BUYBOX_UNAVAILABLE_MIN_PRICE_LIMIT";"cts_removed_keep"
"8695077122711";"4lü El Kremi Seti";"3";"378.43";"361.13";"371.90";"378.43";"378.43";"";"";"KORU";"378.43";"[""CHANGE_TOO_SMALL""]";"Üst sıra minimum fiyatın altında; mevcut sıra korunuyor";"KORU";"378.43";"[]";"Üst sıra minimum fiyatın altında; mevcut sıra korunuyor";"BUYBOX_UNAVAILABLE_MIN_PRICE_LIMIT";"cts_removed_keep"
"869507712270O";"4'lü El Kremi Seti Pudra Tazeliği & Bahar Buketi & Kiraz Çiçeği & Akdeniz Rüyası";"3";"378.43";"348.00";"371.90";"378.43";"378.43";"";"";"KORU";"378.43";"[""CHANGE_TOO_SMALL""]";"Üst sıra minimum fiyatın altında; mevcut sıra korunuyor";"KORU";"378.43";"[]";"Üst sıra minimum fiyatın altında; mevcut sıra korunuyor";"BUYBOX_UNAVAILABLE_MIN_PRICE_LIMIT";"cts_removed_keep"
"8695077141255";"Vegan Yaban Mersinli Meyve Pestili X 10";"3";"434.08";"394.68";"395.00";"434.08";"401.89";"";"";"KORU";"434.08";"[""CHANGE_TOO_SMALL""]";"Üst sıra minimum fiyatın altında; mevcut sıra korunuyor";"KORU";"434.08";"[]";"Üst sıra minimum fiyatın altında; mevcut sıra korunuyor";"BUYBOX_UNAVAILABLE_MIN_PRICE_LIMIT";"cts_removed_keep"
"8695077141163";"Okaliptus kokulu Yüzey Temizleyici 3 Adet X 1500 ml";"3";"519.41";"491.01";"509.08";"519.41";"519.41";"";"";"KORU";"519.41";"[""CHANGE_TOO_SMALL""]";"Üst sıra minimum fiyatın altında; mevcut sıra korunuyor";"KORU";"519.41";"[]";"Üst sıra minimum fiyatın altında; mevcut sıra korunuyor";"BUYBOX_UNAVAILABLE_MIN_PRICE_LIMIT";"cts_removed_keep"
"8695077139358";"Zeytin Çiçeği Kolonyası 80° 100 ml Sprey";"3";"232.46";"204.00";"199.00";"232.46";"229.23";"";"";"KORU";"232.46";"[""CHANGE_TOO_SMALL""]";"Üst sıra minimum fiyatın altında; mevcut sıra korunuyor";"KORU";"232.46";"[]";"Üst sıra minimum fiyatın altında; mevcut sıra korunuyor";"BUYBOX_UNAVAILABLE_MIN_PRICE_LIMIT";"cts_removed_keep"
"8695077141231";"vegan çilekli ve elmalı meyve pestili x10";"3";"429.08";"394.68";"395.00";"429.08";"401.88";"";"";"KORU";"429.08";"[""CHANGE_TOO_SMALL""]";"Üst sıra minimum fiyatın altında; mevcut sıra korunuyor";"KORU";"429.08";"[]";"Üst sıra minimum fiyatın altında; mevcut sıra korunuyor";"BUYBOX_UNAVAILABLE_MIN_PRICE_LIMIT";"cts_removed_keep"
"8695077141164";"Okaliptus Kokulu Yüzey Temizleyici 4 Adet X 1500 Ml";"3";"698.00";"544.41";"598.46";"698.00";"628.81";"";"";"KORU";"698";"[""CHANGE_TOO_SMALL""]";"Üst sıra minimum fiyatın altında; mevcut sıra korunuyor";"KORU";"698";"[]";"Üst sıra minimum fiyatın altında; mevcut sıra korunuyor";"BUYBOX_UNAVAILABLE_MIN_PRICE_LIMIT";"cts_removed_keep"
"8695077147639";"HİPOALERJENİK Beyaz Sabun Kokulu Konsantre Yumuşatıcı 1500 ml – 60 Yıkama";"3";"317.28";"298.00";"299.90";"317.28";"318.89";"";"";"MIN_FIYATA_TOPARLA";"318.89";"[""CHANGE_TOO_SMALL""]";"Minimum fiyata güvenli toparlama";"MIN_FIYATA_TOPARLA";"318.89";"[]";"Minimum fiyata güvenli toparlama";"BUYBOX_UNAVAILABLE_MIN_PRICE_LIMIT";"cts_removed_min_recovery"
"8695077151474";"Sensitive Yüzey Temizleyici 4 Adet X 1500 ml";"3";"678.00";"544.41";"598.46";"678.00";"628.81";"";"";"KORU";"678";"[""CHANGE_TOO_SMALL""]";"Üst sıra minimum fiyatın altında; mevcut sıra korunuyor";"KORU";"678";"[]";"Üst sıra minimum fiyatın altında; mevcut sıra korunuyor";"BUYBOX_UNAVAILABLE_MIN_PRICE_LIMIT";"cts_removed_keep"
"8695077151473";"Sensitive Yüzey Temizleyici 3 Adet X 1500 ml";"3";"519.41";"490.45";"509.08";"519.41";"519.41";"";"";"KORU";"519.41";"[""CHANGE_TOO_SMALL""]";"Üst sıra minimum fiyatın altında; mevcut sıra korunuyor";"KORU";"519.41";"[]";"Üst sıra minimum fiyatın altında; mevcut sıra korunuyor";"BUYBOX_UNAVAILABLE_MIN_PRICE_LIMIT";"cts_removed_keep"
"8695077542252";"Islak Havlu 3*100 Adet";"3";"559.16";"349.00";"354.00";"559.16";"364.57";"";"";"KORU";"559.16";"[""CHANGE_TOO_SMALL""]";"Üst sıra minimum fiyatın altında; mevcut sıra korunuyor";"KORU";"559.16";"[]";"Üst sıra minimum fiyatın altında; mevcut sıra korunuyor";"BUYBOX_UNAVAILABLE_MIN_PRICE_LIMIT";"cts_removed_keep"
"869507785214";"Actisoft Yumuşatıcı Okyanus Ferahlığı 2 X 1500 ml";"3";"535.12";"495.88";"495.00";"535.12";"508.95";"";"";"KORU";"535.12";"[""CHANGE_TOO_SMALL""]";"Üst sıra minimum fiyatın altında; mevcut sıra korunuyor";"KORU";"535.12";"[]";"Üst sıra minimum fiyatın altında; mevcut sıra korunuyor";"BUYBOX_UNAVAILABLE_MIN_PRICE_LIMIT";"cts_removed_keep"
"86950777245225";"Oda Kokusu 300 Ml *3 Adet Masal Bahçesi";"3";"587.47";"485.00";"485.44";"587.47";"543.08";"";"";"KORU";"587.47";"[""CHANGE_TOO_SMALL""]";"Üst sıra minimum fiyatın altında; mevcut sıra korunuyor";"KORU";"587.47";"[]";"Üst sıra minimum fiyatın altında; mevcut sıra korunuyor";"BUYBOX_UNAVAILABLE_MIN_PRICE_LIMIT";"cts_removed_keep"
"86950778585658";"TÜY DÖKÜCÜ KREM DAYCARE 100 ML X 4 ADET";"3";"742.57";"670.68";"699.00";"742.57";"696.95";"";"";"KORU";"742.57";"[""CHANGE_TOO_SMALL""]";"Üst sıra minimum fiyatın altında; mevcut sıra korunuyor";"KORU";"742.57";"[]";"Üst sıra minimum fiyatın altında; mevcut sıra korunuyor";"BUYBOX_UNAVAILABLE_MIN_PRICE_LIMIT";"cts_removed_keep"
"8695188141458";"Zeytin Çiçeği Kolonyası 80° 100 ml Sprey (2’li Set)";"3";"296.77";"278.11";"299.00";"296.77";"284.79";"";"";"KORU";"296.77";"[""CHANGE_TOO_SMALL""]";"Üst sıra minimum fiyatın altında; mevcut sıra korunuyor";"KORU";"296.77";"[]";"Üst sıra minimum fiyatın altında; mevcut sıra korunuyor";"BUYBOX_UNAVAILABLE_MIN_PRICE_LIMIT";"cts_removed_keep"
"8695125645789";"Ultra Çamaşır Suyu Kar Beyazlığı 1000ml x 4 Adet";"3";"692.23";"497.14";"507.23";"692.23";"513.77";"";"";"KORU";"692.23";"[""CHANGE_TOO_SMALL""]";"Üst sıra minimum fiyatın altında; mevcut sıra korunuyor";"KORU";"692.23";"[]";"Üst sıra minimum fiyatın altında; mevcut sıra korunuyor";"BUYBOX_UNAVAILABLE_MIN_PRICE_LIMIT";"cts_removed_keep"
"86952012365455";"Yağ Çözücü Plus Sıvı Bulaşık Deterjanı 750 ml X 3 Adet";"3";"925.62";"558.48";"564.02";"925.62";"575.51";"";"";"KORU";"925.62";"[""CHANGE_TOO_SMALL""]";"Üst sıra minimum fiyatın altında; mevcut sıra korunuyor";"KORU";"925.62";"[]";"Üst sıra minimum fiyatın altında; mevcut sıra korunuyor";"BUYBOX_UNAVAILABLE_MIN_PRICE_LIMIT";"cts_removed_keep"
"86952545855";"Sirkeli Yüzey Temizleyici Sprey 750 ml X 4 Adet";"3";"616.15";"508.18";"518.49";"616.15";"588.47";"";"";"KORU";"616.15";"[""CHANGE_TOO_SMALL""]";"Üst sıra minimum fiyatın altında; mevcut sıra korunuyor";"KORU";"616.15";"[]";"Üst sıra minimum fiyatın altında; mevcut sıra korunuyor";"BUYBOX_UNAVAILABLE_MIN_PRICE_LIMIT";"cts_removed_keep"
"86952566858588";"Yüzey Temizleyici Beyaz Sabun Kokulu Beyaz Sabun 1500 Mlx 4 Adet";"3";"671.26";"584.48";"590.38";"671.26";"628.81";"";"";"KORU";"671.26";"[""CHANGE_TOO_SMALL""]";"Üst sıra minimum fiyatın altında; mevcut sıra korunuyor";"KORU";"671.26";"[]";"Üst sıra minimum fiyatın altında; mevcut sıra korunuyor";"BUYBOX_UNAVAILABLE_MIN_PRICE_LIMIT";"cts_removed_keep"
"8695362365978";"Amonyaklı Sıvı Krem Yüzey Temizleyici 750ml X 4 Adet";"3";"657.08";"514.30";"553.79";"657.08";"549.92";"";"";"KORU";"657.08";"[""CHANGE_TOO_SMALL""]";"Üst sıra minimum fiyatın altında; mevcut sıra korunuyor";"KORU";"657.08";"[]";"Üst sıra minimum fiyatın altında; mevcut sıra korunuyor";"BUYBOX_UNAVAILABLE_MIN_PRICE_LIMIT";"cts_removed_keep"
"8695265897456";"Isırgan Ve At Kuyruğu Şampuan 600 ml X 2 Adet";"3";"642.08";"625.07";"643.08";"642.08";"622.88";"";"";"KORU";"642.08";"[""CHANGE_TOO_SMALL""]";"Üst sıra minimum fiyatın altında; mevcut sıra korunuyor";"FIYAT_DUSUR";"622.88";"[]";"Öğrenilmiş fiyat kırma minimumun altında; güvenli minimum fiyat hedefleniyor";"BUYBOX_AVAILABLE";"cts_removed_keep|learned_cut_min_price_fallback"
"8695362693265";"Amonyaklı Sıvı Krem Yüzey Temizleyici 750ml X 3 Adet";"3";"505.89";"461.65";"471.02";"505.89";"472.20";"";"";"KORU";"505.89";"[""CHANGE_TOO_SMALL""]";"Üst sıra minimum fiyatın altında; mevcut sıra korunuyor";"KORU";"505.89";"[]";"Üst sıra minimum fiyatın altında; mevcut sıra korunuyor";"BUYBOX_UNAVAILABLE_MIN_PRICE_LIMIT";"cts_removed_keep"
"86958585858548";"ÇAMAŞIR ULTRA YOĞUN 1250 ML X 5 ADET LİMON KOKULU";"3";"738.68";"671.89";"678.68";"738.68";"687.69";"";"";"KORU";"738.68";"[""CHANGE_TOO_SMALL""]";"Üst sıra minimum fiyatın altında; mevcut sıra korunuyor";"KORU";"738.68";"[]";"Üst sıra minimum fiyatın altında; mevcut sıra korunuyor";"BUYBOX_UNAVAILABLE_MIN_PRICE_LIMIT";"cts_removed_keep"
"869727889020000";"Güneş Sıvı Sabun 500 ml";"3";"341.58";"330.28";"334.80";"341.58";"341.58";"";"";"KORU";"341.58";"[""CHANGE_TOO_SMALL""]";"Üst sıra minimum fiyatın altında; mevcut sıra korunuyor";"KORU";"341.58";"[]";"Üst sıra minimum fiyatın altında; mevcut sıra korunuyor";"BUYBOX_UNAVAILABLE_MIN_PRICE_LIMIT";"cts_removed_keep"
"86962563512251";"Siyah Çay Demlik Poşet Çay Earl Grey Bergamot Aromalı 48'li x 4 Paket";"3";"1157.77";"682.88";"673.99";"1157.77";"1157.77";"";"";"KORU";"1157.77";"[""CHANGE_TOO_SMALL""]";"Üst sıra minimum fiyatın altında; mevcut sıra korunuyor";"KORU";"1157.77";"[]";"Üst sıra minimum fiyatın altında; mevcut sıra korunuyor";"BUYBOX_UNAVAILABLE_MIN_PRICE_LIMIT";"cts_removed_keep"
"86975557875888";"Köz Domatesli Menemen Harcı 340g";"3";"264.88";"265.88";"259.00";"264.88";"268.74";"";"";"MIN_FIYATA_TOPARLA";"268.74";"[""CHANGE_TOO_SMALL""]";"Minimum fiyata güvenli toparlama";"MIN_FIYATA_TOPARLA";"268.74";"[]";"Minimum fiyata güvenli toparlama";"BUYBOX_UNAVAILABLE_MIN_PRICE_LIMIT";"cts_removed_min_recovery"
"8966558899888";"Mercy Black erkek parfüm 50 ml";"3";"378.76";"367.17";"353.41";"378.76";"378.43";"";"";"KORU";"378.76";"[""CHANGE_TOO_SMALL""]";"Üst sıra minimum fiyatın altında; mevcut sıra korunuyor";"KORU";"378.76";"[]";"Üst sıra minimum fiyatın altında; mevcut sıra korunuyor";"BUYBOX_UNAVAILABLE_MIN_PRICE_LIMIT";"cts_removed_keep"
"894464477956311646";"Glutensiz Muzlu Süt Reçeli 2x270 g";"3";"504.88";"495.88";"494.00";"504.88";"477.20";"";"";"KORU";"504.88";"[""CHANGE_TOO_SMALL""]";"Üst sıra minimum fiyatın altında; mevcut sıra korunuyor";"FIYAT_DUSUR";"477.2";"[]";"Öğrenilmiş fiyat kırma minimumun altında; güvenli minimum fiyat hedefleniyor";"BUYBOX_AVAILABLE";"cts_removed_keep|learned_cut_min_price_fallback"
"896688785256";"MERCY ROSE FOR WOMEN 50 ml X 2 AVANTAJLI PAKET";"3";"599.99";"530.95";"549.00";"599.99";"563.62";"";"";"KORU";"599.99";"[""CHANGE_TOO_SMALL""]";"Üst sıra minimum fiyatın altında; mevcut sıra korunuyor";"KORU";"599.99";"[]";"Üst sıra minimum fiyatın altında; mevcut sıra korunuyor";"BUYBOX_UNAVAILABLE_MIN_PRICE_LIMIT";"cts_removed_keep"
"daycarepeçete50";"Peçete 50 Yaprak x 10 Paket";"3";"642.08";"569.99";"643.08";"642.08";"611.23";"";"";"KORU";"642.08";"[""CHANGE_TOO_SMALL""]";"2. sıraya kontrollü geçiş";"KORU";"642.08";"[]";"2. sıraya kontrollü geçiş";"BUYBOX_UNAVAILABLE_MIN_PRICE_LIMIT";"cts_removed_keep"
"NOEKREM00010001";"4'lü El Kremi Seti Shea Özlü Pudra Tazeliği & Bahar Buketi & Kiraz Çiçeği & Akdeniz Rüyası";"3";"387.40";"355.00";"363.74";"387.40";"378.43";"";"";"KORU";"387.4";"[""CHANGE_TOO_SMALL""]";"Üst sıra minimum fiyatın altında; mevcut sıra korunuyor";"KORU";"387.4";"[]";"Üst sıra minimum fiyatın altında; mevcut sıra korunuyor";"BUYBOX_UNAVAILABLE_MIN_PRICE_LIMIT";"cts_removed_keep"
"TY77B4484821947";"Beyaz Sabun Kokulu Yüzey Temizlik Havlusu 50'li";"3";"261.26";"192.28";"249.99";"261.26";"261.26";"";"";"KORU";"261.26";"[""CHANGE_TOO_SMALL""]";"Üst sıra minimum fiyatın altında; mevcut sıra korunuyor";"KORU";"261.26";"[]";"Üst sıra minimum fiyatın altında; mevcut sıra korunuyor";"BUYBOX_UNAVAILABLE_MIN_PRICE_LIMIT";"cts_removed_keep"
"TYB2KVL4ZFUW02W511";"Doğuş Demlik Poşet Çay Bergamot Aromalı Çay Avantaj 25x40 gr 2 Paket";"3";"1236.09";"1109.00";"1109.00";"1236.09";"1138.49";"";"";"KORU";"1236.09";"[""CHANGE_TOO_SMALL""]";"Üst sıra minimum fiyatın altında; mevcut sıra korunuyor";"KORU";"1236.09";"[]";"Üst sıra minimum fiyatın altında; mevcut sıra korunuyor";"BUYBOX_UNAVAILABLE_MIN_PRICE_LIMIT";"cts_removed_keep"
"TYB14NR23ST8OBPY59";"Yaban Mersini - Karışık Meyve Çayı 20'li";"3";"313.24";"199.90";"246.51";"313.24";"281.09";"";"";"KORU";"313.24";"[""CHANGE_TOO_SMALL""]";"Üst sıra minimum fiyatın altında; mevcut sıra korunuyor";"KORU";"313.24";"[]";"Üst sıra minimum fiyatın altında; mevcut sıra korunuyor";"BUYBOX_UNAVAILABLE_MIN_PRICE_LIMIT";"cts_removed_keep"
"TYB4SGWIAFKJ7KS548";"Tereyağlı Kurabiye Teneke Kutu 180 gr";"3";"485.48";"459.08";"448.90";"485.48";"488.31";"";"";"MIN_FIYATA_TOPARLA";"488.31";"[""CHANGE_TOO_SMALL""]";"Minimum fiyata güvenli toparlama";"MIN_FIYATA_TOPARLA";"488.31";"[]";"Minimum fiyata güvenli toparlama";"BUYBOX_UNAVAILABLE_MIN_PRICE_LIMIT";"cts_removed_min_recovery"
"TYBAIKSO0GS1M5V335";"Cam Şişe Yeşil Çay Kolonya 200 ml";"3";"371.90";"321.08";"329.00";"371.90";"359.91";"";"";"KORU";"371.9";"[""CHANGE_TOO_SMALL""]";"Üst sıra minimum fiyatın altında; mevcut sıra korunuyor";"KORU";"371.9";"[]";"Üst sıra minimum fiyatın altında; mevcut sıra korunuyor";"BUYBOX_UNAVAILABLE_MIN_PRICE_LIMIT";"cts_removed_keep"
"TYBDQDRPOWE30IQZ77";"Ekstra Çamaşır Yumuşatıcısı Parfüm Serisi 1500 ml";"3";"339.66";"341.05";"337.53";"339.66";"315.28";"";"";"KORU";"339.66";"[""CHANGE_TOO_SMALL""]";"Üst sıra minimum fiyatın altında; mevcut sıra korunuyor";"FIYAT_DUSUR";"315.28";"[]";"Öğrenilmiş fiyat kırma minimumun altında; güvenli minimum fiyat hedefleniyor";"BUYBOX_AVAILABLE";"cts_removed_keep|learned_cut_min_price_fallback"
"TYBFF0XJ8SY0HXRZ48";"Menekşe Bahçesi Çamaşır Yumuşatıcısı 1500 ML";"3";"339.99";"294.90";"345.00";"339.99";"318.89";"";"";"KORU";"339.99";"[""CHANGE_TOO_SMALL""]";"Üst sıra minimum fiyatın altında; mevcut sıra korunuyor";"KORU";"339.99";"[]";"Üst sıra minimum fiyatın altında; mevcut sıra korunuyor";"BUYBOX_UNAVAILABLE_MIN_PRICE_LIMIT";"cts_removed_keep"
"TYBG5TF2DFGT5ZMR41";"Cam Şişe Aqua Kolonya 200ml + 200ml";"3";"555.60";"510.00";"556.60";"555.60";"545.10";"";"";"KORU";"555.6";"[""CHANGE_TOO_SMALL""]";"Üst sıra minimum fiyatın altında; mevcut sıra korunuyor";"KORU";"555.6";"[]";"Üst sıra minimum fiyatın altında; mevcut sıra korunuyor";"BUYBOX_UNAVAILABLE_MIN_PRICE_LIMIT";"cts_removed_keep"
"TYBGNOKLSV0NFE2T37";"Tel Şehriye 500 Gr X 5 Paket";"3";"399.30";"259.95";"349.99";"399.30";"399.30";"";"";"KORU";"399.3";"[""CHANGE_TOO_SMALL""]";"Üst sıra minimum fiyatın altında; mevcut sıra korunuyor";"KORU";"399.3";"[]";"Üst sıra minimum fiyatın altında; mevcut sıra korunuyor";"BUYBOX_UNAVAILABLE_MIN_PRICE_LIMIT";"cts_removed_keep"
"TYBGL7X1N8P9UAU890";"Jasmine Edp 50 Ml Kadın Parfüm Yeseminin";"3";"390.68";"349.00";"393.18";"390.68";"378.43";"";"";"KORU";"390.68";"[""CHANGE_TOO_SMALL""]";"Üst sıra minimum fiyatın altında; mevcut sıra korunuyor";"KORU";"390.68";"[]";"Üst sıra minimum fiyatın altında; mevcut sıra korunuyor";"BUYBOX_UNAVAILABLE_MIN_PRICE_LIMIT";"cts_removed_keep"
"TYBK5SYZVZQO8GEU34";"Karbonat 1 Kg";"3";"305.76";"302.00";"304.90";"305.76";"309.48";"";"";"MIN_FIYATA_TOPARLA";"309.48";"[""CHANGE_TOO_SMALL""]";"Minimum fiyata güvenli toparlama";"MIN_FIYATA_TOPARLA";"309.48";"[]";"Minimum fiyata güvenli toparlama";"BUYBOX_UNAVAILABLE_MIN_PRICE_LIMIT";"cts_removed_min_recovery"
"TYBJTGD2GEJ88CNH71";"Freedom Edp 100 ml Kadın  Parfüm TRNDYLFREEDOMKADINPARFÜM100ml";"3";"762.93";"699.00";"768.00";"762.93";"730.28";"";"";"KORU";"762.93";"[""CHANGE_TOO_SMALL""]";"Üst sıra minimum fiyatın altında; mevcut sıra korunuyor";"KORU";"762.93";"[]";"Üst sıra minimum fiyatın altında; mevcut sıra korunuyor";"BUYBOX_UNAVAILABLE_MIN_PRICE_LIMIT";"cts_removed_keep"
"TYBMVEUKPX3O848V86";"Actisoft Sensitive Hipoalerjenik Konsantre Yumuşatıcı 60 Yıkama X 2 Adet";"3";"534.50";"486.68";"486.00";"534.50";"508.95";"";"";"KORU";"534.5";"[""CHANGE_TOO_SMALL""]";"Üst sıra minimum fiyatın altında; mevcut sıra korunuyor";"KORU";"534.5";"[]";"Üst sıra minimum fiyatın altında; mevcut sıra korunuyor";"BUYBOX_UNAVAILABLE_MIN_PRICE_LIMIT";"cts_removed_keep"
"TYBRBXNT5198K1CQ69";"Kiraz Çiçeği Kolonya 100 ml x 2 Adet";"3";"284.79";"259.00";"268.00";"284.79";"284.79";"";"";"KORU";"284.79";"[""CHANGE_TOO_SMALL""]";"Üst sıra minimum fiyatın altında; mevcut sıra korunuyor";"KORU";"284.79";"[]";"Üst sıra minimum fiyatın altında; mevcut sıra korunuyor";"BUYBOX_UNAVAILABLE_MIN_PRICE_LIMIT";"cts_removed_keep"
"TYBQYSVIABF5DMJK00";"El Kremi 50 ml Kiraz Çiçeği";"3";"189.99";"126.00";"135.90";"189.99";"184.79";"";"";"KORU";"189.99";"[""CHANGE_TOO_SMALL""]";"Üst sıra minimum fiyatın altında; mevcut sıra korunuyor";"KORU";"189.99";"[]";"Üst sıra minimum fiyatın altında; mevcut sıra korunuyor";"BUYBOX_UNAVAILABLE_MIN_PRICE_LIMIT";"cts_removed_keep"
"TYBTN9YOOFW1NTLF66";"Pudra Tazeliği El Kremi 50ml 2 ADET";"3";"274.91";"267.90";"268.14";"274.91";"274.91";"";"";"KORU";"274.91";"[""CHANGE_TOO_SMALL""]";"Üst sıra minimum fiyatın altında; mevcut sıra korunuyor";"KORU";"274.91";"[]";"Üst sıra minimum fiyatın altında; mevcut sıra korunuyor";"BUYBOX_UNAVAILABLE_MIN_PRICE_LIMIT";"cts_removed_keep"
"TYBT94LQEQPHWXXD90";"Okyanus Ferahlığı Konsantre Çamaşır Yumuşatıcı 1500 ml X 2 Adet";"3";"506.99";"495.88";"495.88";"506.99";"508.95";"";"";"MIN_FIYATA_TOPARLA";"508.95";"[""CHANGE_TOO_SMALL""]";"Minimum fiyata güvenli toparlama";"MIN_FIYATA_TOPARLA";"508.95";"[]";"Minimum fiyata güvenli toparlama";"BUYBOX_UNAVAILABLE_MIN_PRICE_LIMIT";"cts_removed_min_recovery"
"718745648784";"Yüzey Temizleyici 1,5 L Beyaz Sabun Kokulu 5 ADET";"3";"705.56";"639.00";"704.69";"705.56";"691.53";"";"";"KORU";"705.56";"[""CHANGE_TOO_SMALL""]";"Üst sıra minimum fiyatın altında; mevcut sıra korunuyor";"KORU";"705.56";"[]";"Üst sıra minimum fiyatın altında; mevcut sıra korunuyor";"BUYBOX_UNAVAILABLE_MIN_PRICE_LIMIT";"cts_removed_keep"
"8130000006513";"Vegan Meyve Pestili Ananas Elma Ve Armut 14gr X 10 Adet";"3";"426.47";"320.00";"330.00";"426.47";"387.07";"";"";"KORU";"426.47";"[""CHANGE_TOO_SMALL""]";"Üst sıra minimum fiyatın altında; mevcut sıra korunuyor";"KORU";"426.47";"[]";"Üst sıra minimum fiyatın altında; mevcut sıra korunuyor";"BUYBOX_UNAVAILABLE_MIN_PRICE_LIMIT";"cts_removed_keep"
"8682101508528";"Ceylon Tea 400 g x 1 adet";"3";"483.03";"449.00";"475.00";"483.03";"477.62";"";"";"KORU";"483.03";"[""CHANGE_TOO_SMALL""]";"Üst sıra minimum fiyatın altında; mevcut sıra korunuyor";"KORU";"483.03";"[]";"Üst sıra minimum fiyatın altında; mevcut sıra korunuyor";"BUYBOX_UNAVAILABLE_MIN_PRICE_LIMIT";"cts_removed_keep"
"8690504060901";"TOZ KAKAO - En Güzel Pastalar, Kekler ve Tatlılar İçin - 1 kg";"3";"1345.12";"1000.00";"1249.90";"1345.12";"1315.47";"";"";"KORU";"1345.12";"[""CHANGE_TOO_SMALL""]";"Üst sıra minimum fiyatın altında; mevcut sıra korunuyor";"KORU";"1345.12";"[]";"Üst sıra minimum fiyatın altında; mevcut sıra korunuyor";"BUYBOX_UNAVAILABLE_MIN_PRICE_LIMIT";"cts_removed_keep"
"8684992015765";"Aseton Diskli Kapak 175 ml";"3";"304.00";"305.00";"299.99";"304.00";"299.60";"";"";"KORU";"304";"[""CHANGE_TOO_SMALL""]";"Üst sıra minimum fiyatın altında; mevcut sıra korunuyor";"FIYAT_DUSUR";"299.6";"[]";"Öğrenilmiş fiyat kırma minimumun altında; güvenli minimum fiyat hedefleniyor";"BUYBOX_AVAILABLE";"cts_removed_keep|learned_cut_min_price_fallback"
"8695077156136";"Vegan kavunlu meyve pestili x10";"3";"433.97";"367.08";"380.00";"433.97";"401.88";"";"";"KORU";"433.97";"[""CHANGE_TOO_SMALL""]";"Üst sıra minimum fiyatın altında; mevcut sıra korunuyor";"KORU";"433.97";"[]";"Üst sıra minimum fiyatın altında; mevcut sıra korunuyor";"BUYBOX_UNAVAILABLE_MIN_PRICE_LIMIT";"cts_removed_keep"
"HRS003";"Dubai Chocolate 200 gr";"3";"494.00";"459.08";"449.99";"494.00";"495.87";"";"";"MIN_FIYATA_TOPARLA";"495.87";"[""CHANGE_TOO_SMALL""]";"Minimum fiyata güvenli toparlama";"MIN_FIYATA_TOPARLA";"495.87";"[]";"Minimum fiyata güvenli toparlama";"BUYBOX_UNAVAILABLE_MIN_PRICE_LIMIT";"cts_removed_min_recovery"
"TYB1TU5C7R8998SC24";"Desenli Mikrofiber Bez 2'li";"3";"284.46";"279.00";"279.00";"284.46";"287.57";"";"";"MIN_FIYATA_TOPARLA";"287.57";"[""CHANGE_TOO_SMALL""]";"Minimum fiyata güvenli toparlama";"MIN_FIYATA_TOPARLA";"287.57";"[]";"Minimum fiyata güvenli toparlama";"BUYBOX_UNAVAILABLE_MIN_PRICE_LIMIT";"cts_removed_min_recovery"
"TYB6WMVVG36HSHL218";"White Glow Vücut Spreyi 200 ml";"3";"389.54";"380.00";"384.48";"389.54";"389.54";"";"";"KORU";"389.54";"[""CHANGE_TOO_SMALL""]";"Üst sıra minimum fiyatın altında; mevcut sıra korunuyor";"KORU";"389.54";"[]";"Üst sıra minimum fiyatın altında; mevcut sıra korunuyor";"BUYBOX_UNAVAILABLE_MIN_PRICE_LIMIT";"cts_removed_keep"
"TYB1PK6TA9TEKTCW91";"Tahin 500 g";"3";"380.90";"345.00";"338.00";"380.90";"380.90";"";"";"KORU";"380.9";"[""CHANGE_TOO_SMALL""]";"Üst sıra minimum fiyatın altında; mevcut sıra korunuyor";"KORU";"380.9";"[]";"Üst sıra minimum fiyatın altında; mevcut sıra korunuyor";"BUYBOX_UNAVAILABLE_MIN_PRICE_LIMIT";"cts_removed_keep"
"TYB7BL2YDI6TG5TU14";"Yerli Kırmızı Mercimek 1 Kg";"3";"520.31";"248.00";"289.90";"520.31";"316.09";"";"";"KORU";"520.31";"[""CHANGE_TOO_SMALL""]";"Üst sıra minimum fiyatın altında; mevcut sıra korunuyor";"KORU";"520.31";"[]";"Üst sıra minimum fiyatın altında; mevcut sıra korunuyor";"BUYBOX_UNAVAILABLE_MIN_PRICE_LIMIT";"cts_removed_keep"
"TYB1KAPFEJ2OW9EC84";"Yumuşatıcı Sensitive Konsantre Hipoalarjenik 1500 ml X 2 Adet 120 Yıkama";"3";"528.95";"495.88";"492.71";"528.95";"508.95";"";"";"KORU";"528.95";"[""CHANGE_TOO_SMALL""]";"Üst sıra minimum fiyatın altında; mevcut sıra korunuyor";"KORU";"528.95";"[]";"Üst sıra minimum fiyatın altında; mevcut sıra korunuyor";"BUYBOX_UNAVAILABLE_MIN_PRICE_LIMIT";"cts_removed_keep"
"TYBGAFGI0OPA76TI70";"Limon Kolonyası 100 ml x 2 Adet";"3";"284.79";"259.00";"268.00";"284.79";"284.79";"";"";"KORU";"284.79";"[""CHANGE_TOO_SMALL""]";"Üst sıra minimum fiyatın altında; mevcut sıra korunuyor";"KORU";"284.79";"[]";"Üst sıra minimum fiyatın altında; mevcut sıra korunuyor";"BUYBOX_UNAVAILABLE_MIN_PRICE_LIMIT";"cts_removed_keep"
"TYBFV4SRJH1X716G22";"Organik Elma Sirkesi 500 ml";"3";"396.11";"298.00";"399.00";"396.11";"347.57";"";"";"KORU";"396.11";"[""CHANGE_TOO_SMALL""]";"Üst sıra minimum fiyatın altında; mevcut sıra korunuyor";"KORU";"396.11";"[]";"Üst sıra minimum fiyatın altında; mevcut sıra korunuyor";"BUYBOX_UNAVAILABLE_MIN_PRICE_LIMIT";"cts_removed_keep"
"TYB7UCN7ENIU8GYC77";"Üzüm Pekmezi 600 gr";"3";"342.81";"284.28";"295.00";"342.81";"342.81";"";"";"KORU";"342.81";"[""CHANGE_TOO_SMALL""]";"Üst sıra minimum fiyatın altında; mevcut sıra korunuyor";"KORU";"342.81";"[]";"Üst sıra minimum fiyatın altında; mevcut sıra korunuyor";"BUYBOX_UNAVAILABLE_MIN_PRICE_LIMIT";"cts_removed_keep"
"TYBH4AK3EVNBDQB251";"Esmer Küp Şeker 500 Gr";"3";"279.00";"264.90";"271.71";"279.00";"278.49";"";"";"KORU";"279";"[""CHANGE_TOO_SMALL""]";"Üst sıra minimum fiyatın altında; mevcut sıra korunuyor";"KORU";"279";"[]";"Üst sıra minimum fiyatın altında; mevcut sıra korunuyor";"BUYBOX_UNAVAILABLE_MIN_PRICE_LIMIT";"cts_removed_keep"
"TYBJPSMUHJP6PNG097";"Sensitive Konsantre Yumuşatıcı 1500 Ml.";"3";"320.44";"289.00";"294.90";"320.44";"318.89";"";"";"KORU";"320.44";"[""CHANGE_TOO_SMALL""]";"Üst sıra minimum fiyatın altında; mevcut sıra korunuyor";"KORU";"320.44";"[]";"Üst sıra minimum fiyatın altında; mevcut sıra korunuyor";"BUYBOX_UNAVAILABLE_MIN_PRICE_LIMIT";"cts_removed_keep"
"TYBNXY76K7U8NWT372";"Sıvı Beyaz Sabun 1000ml *2 li Paket (2 Adet)";"3";"432.05";"409.40";"413.00";"432.05";"430.28";"";"";"KORU";"432.05";"[""CHANGE_TOO_SMALL""]";"Üst sıra minimum fiyatın altında; mevcut sıra korunuyor";"KORU";"432.05";"[]";"Üst sıra minimum fiyatın altında; mevcut sıra korunuyor";"BUYBOX_UNAVAILABLE_MIN_PRICE_LIMIT";"cts_removed_keep"
"TYBJV84MK97N51IQ64";"Vegan Meyve Pestili Kavun Elma x5 Çilek Elma x5";"3";"419.07";"330.00";"396.57";"419.07";"387.07";"";"";"KORU";"419.07";"[""CHANGE_TOO_SMALL""]";"Üst sıra minimum fiyatın altında; mevcut sıra korunuyor";"KORU";"419.07";"[]";"Üst sıra minimum fiyatın altında; mevcut sıra korunuyor";"BUYBOX_UNAVAILABLE_MIN_PRICE_LIMIT";"cts_removed_keep"
"TYBUIM6GMMU4JDOG29";"Glutensiz Çilekli Süt Reçeli 2x270 g";"3";"526.77";"486.68";"485.00";"526.77";"477.20";"";"";"KORU";"526.77";"[""CHANGE_TOO_SMALL""]";"Üst sıra minimum fiyatın altında; mevcut sıra korunuyor";"FIYAT_DUSUR";"477.2";"[]";"Öğrenilmiş fiyat kırma minimumun altında; güvenli minimum fiyat hedefleniyor";"BUYBOX_AVAILABLE";"cts_removed_keep|learned_cut_min_price_fallback"
"TYBX051MP4GJIDXG27";"Zeytin Çiçeği Kolonya 80’ 100 ml";"3";"192.32";"183.08";"189.00";"192.32";"182.32";"";"";"KORU";"192.32";"[""CHANGE_TOO_SMALL""]";"Üst sıra minimum fiyatın altında; mevcut sıra korunuyor";"FIYAT_DUSUR";"182.32";"[]";"Öğrenilmiş fiyat kırma minimumun altında; güvenli minimum fiyat hedefleniyor";"BUYBOX_AVAILABLE";"cts_removed_keep|learned_cut_min_price_fallback"
"1651561515326261";"Oda Kokusu 300 Ml*4 Adet Pudra Etkili";"4";"663.83";"608.71";"610.71";"664.83";"653.84";"";"";"KORU";"663.83";"[""CHANGE_TOO_SMALL""]";"Bilinen üst sıralar minimum fiyatın altında";"KORU";"663.83";"[]";"Bilinen üst sıralar minimum fiyatın altında";"BUYBOX_UNAVAILABLE_MIN_PRICE_LIMIT";"cts_removed_keep"
"8682101500614";"Toz Kakao 50gr* 1 Adet";"4";"178.00";"97.00";"90.95";"98.00";"178.00";"";"";"KORU";"178";"[""CHANGE_TOO_SMALL""]";"Bilinen üst sıralar minimum fiyatın altında";"KORU";"178";"[]";"Bilinen üst sıralar minimum fiyatın altında";"BUYBOX_UNAVAILABLE_MIN_PRICE_LIMIT";"cts_removed_keep"
"8683105644424";"Çıtır Belçika Çikolatalı Hurma crispy choco dates 200 gr X 4 Adet";"4";"1329.89";"903.73";"912.88";"1149.00";"1292.65";"";"";"KORU";"1329.89";"[""CHANGE_TOO_SMALL""]";"Bilinen üst sıralar minimum fiyatın altında";"KORU";"1329.89";"[]";"Bilinen üst sıralar minimum fiyatın altında";"BUYBOX_UNAVAILABLE_MIN_PRICE_LIMIT";"cts_removed_keep"
"8683347030864";"Karabuğday Patlağı Glutensiz ve Vegan 4 Adet X 88 gr";"4";"447.19";"385.48";"385.00";"399.00";"383.37";"";"";"KORU";"447.19";"[""CHANGE_TOO_SMALL""]";"Bilinen üst sıralar minimum fiyatın altında";"KORU";"447.19";"[]";"Bilinen üst sıralar minimum fiyatın altında";"BUYBOX_UNAVAILABLE";"cts_removed_keep"
"869502585585858";"ÇAMAŞIR SUYU ULTRA YOĞUN 1250 ML X 3 ADET ÇAM KOKULU";"4";"493.90";"473.63";"473.63";"494.90";"485.94";"";"";"KORU";"493.9";"[""CHANGE_TOO_SMALL""]";"3. sıraya kontrollü geçiş";"KORU";"493.9";"[]";"3. sıraya kontrollü geçiş";"BUYBOX_UNAVAILABLE_MIN_PRICE_LIMIT";"cts_removed_keep"
"8695077024596";"Çiçek Rüyası Konsantre Yumuşatıcı Parfüm Kapsüllü 1500 Ml.";"4";"320.44";"289.80";"289.80";"299.90";"318.89";"";"";"KORU";"320.44";"[""CHANGE_TOO_SMALL""]";"Bilinen üst sıralar minimum fiyatın altında";"KORU";"320.44";"[]";"Bilinen üst sıralar minimum fiyatın altında";"BUYBOX_UNAVAILABLE_MIN_PRICE_LIMIT";"cts_removed_keep"
"8695077034151";"Okyanus Ferahlığı Konsantre Yumuşatıcı 1500 Ml.";"4";"318.89";"299.90";"299.90";"311.88";"318.89";"";"";"KORU";"318.89";"[""CHANGE_TOO_SMALL""]";"Bilinen üst sıralar minimum fiyatın altında";"KORU";"318.89";"[]";"Bilinen üst sıralar minimum fiyatın altında";"BUYBOX_UNAVAILABLE_MIN_PRICE_LIMIT";"cts_removed_keep"
"8695077040910";"Glutensiz Süt Reçeli 270 gr X 4 Adet";"4";"600.16";"468.28";"475.00";"550.00";"600.16";"";"";"KORU";"600.16";"[""CHANGE_TOO_SMALL""]";"Bilinen üst sıralar minimum fiyatın altında";"KORU";"600.16";"[]";"Bilinen üst sıralar minimum fiyatın altında";"BUYBOX_UNAVAILABLE_MIN_PRICE_LIMIT";"cts_removed_keep"
"8695077134983";"Karamelize Bisküvi Kreması 350 gr X 3 Adet";"4";"763.62";"699.99";"745.00";"749.90";"763.62";"";"";"KORU";"763.62";"[""CHANGE_TOO_SMALL""]";"Bilinen üst sıralar minimum fiyatın altında";"KORU";"763.62";"[]";"Bilinen üst sıralar minimum fiyatın altında";"BUYBOX_UNAVAILABLE_MIN_PRICE_LIMIT";"cts_removed_keep"
"8695077129823";"White Glow Vücut Spreyi 200 Ml";"4";"428.71";"323.64";"398.00";"398.00";"389.54";"";"";"KORU";"428.71";"[""CHANGE_TOO_SMALL""]";"Bilinen üst sıralar minimum fiyatın altında";"KORU";"428.71";"[]";"Bilinen üst sıralar minimum fiyatın altında";"BUYBOX_UNAVAILABLE_MIN_PRICE_LIMIT";"cts_removed_keep"
"8695077151472";"Sensitive Yüzey Temizleyici 2 Adet X 1500 ml";"4";"417.57";"401.34";"401.48";"418.00";"412.57";"";"";"KORU";"417.57";"[""CHANGE_TOO_SMALL""]";"Bilinen üst sıralar minimum fiyatın altında";"KORU";"417.57";"[]";"Bilinen üst sıralar minimum fiyatın altında";"BUYBOX_UNAVAILABLE_MIN_PRICE_LIMIT";"cts_removed_keep"
"86950777555255";"Otomatik Yedek Oda Spreyi Pudra Etkisi 300 ml";"4";"299.99";"174.00";"239.60";"247.90";"304.03";"";"";"MIN_FIYATA_TOPARLA";"304.03";"[""CHANGE_TOO_SMALL""]";"Minimum fiyata güvenli toparlama";"MIN_FIYATA_TOPARLA";"304.03";"[]";"Minimum fiyata güvenli toparlama";"BUYBOX_UNAVAILABLE_MIN_PRICE_LIMIT";"cts_removed_min_recovery"
"86952565485";"Sıvı Beyaz Sabun 1000 Ml *3 Lü Paket";"4";"569.33";"556.60";"569.00";"556.60";"567.99";"";"";"KORU";"569.33";"[""CHANGE_TOO_SMALL""]";"Bilinen üst sıralar minimum fiyatın altında";"KORU";"569.33";"[]";"Bilinen üst sıralar minimum fiyatın altında";"BUYBOX_UNAVAILABLE_MIN_PRICE_LIMIT";"cts_removed_keep"
"86956325458585";"Oda Ve Kumaş Kokusu 500 Ml Pudra 2 Li Paket";"4";"593.72";"539.50";"595.00";"603.00";"580.42";"";"";"KORU";"593.72";"[""CHANGE_TOO_SMALL""]";"Bilinen üst sıralar minimum fiyatın altında";"KORU";"593.72";"[]";"Bilinen üst sıralar minimum fiyatın altında";"BUYBOX_UNAVAILABLE_MIN_PRICE_LIMIT";"cts_removed_keep"
"8695678654333";"Lasting Curl Saç Köpüğü 200 ml";"4";"384.60";"326.60";"341.00";"332.93";"384.60";"";"";"KORU";"384.6";"[""CHANGE_TOO_SMALL""]";"Bilinen üst sıralar minimum fiyatın altında";"KORU";"384.6";"[]";"Bilinen üst sıralar minimum fiyatın altında";"BUYBOX_UNAVAILABLE_MIN_PRICE_LIMIT";"cts_removed_keep"
"cepboy";"Islak Mendil 3x15";"4";"216.49";"145.00";"192.28";"189.37";"216.49";"";"";"KORU";"216.49";"[""CHANGE_TOO_SMALL""]";"Bilinen üst sıralar minimum fiyatın altında";"KORU";"216.49";"[]";"Bilinen üst sıralar minimum fiyatın altında";"BUYBOX_UNAVAILABLE_MIN_PRICE_LIMIT";"cts_removed_keep"
"TY2222BUYNOW84";"Kurulama Gerektirmeyen Bez 2'li";"4";"356.92";"348.68";"348.00";"339.00";"350.64";"";"";"KORU";"356.92";"[""CHANGE_TOO_SMALL""]";"Bilinen üst sıralar minimum fiyatın altında";"KORU";"356.92";"[]";"Bilinen üst sıralar minimum fiyatın altında";"BUYBOX_UNAVAILABLE_MIN_PRICE_LIMIT";"cts_removed_keep"
"TYB56RNMS5W0CEG222";"Shine Kadın EDP Parfüm 100 ml";"4";"730.61";"679.00";"689.08";"731.61";"730.28";"";"";"KORU";"730.61";"[""CHANGE_TOO_SMALL""]";"3. sıraya kontrollü geçiş";"KORU";"730.61";"[]";"3. sıraya kontrollü geçiş";"BUYBOX_UNAVAILABLE_MIN_PRICE_LIMIT";"cts_removed_keep"
"TYBBFHLE91KPR20L91";"Beyaz Sabun Kokulu Yüzey temizlik havlusu SLS-SLES-Boya içermeyen 4 Paket X 50'li";"4";"598.10";"541.88";"536.87";"539.00";"516.90";"";"";"KORU";"598.1";"[""CHANGE_TOO_SMALL""]";"Bilinen üst sıralar minimum fiyatın altında";"KORU";"598.1";"[]";"Bilinen üst sıralar minimum fiyatın altında";"BUYBOX_UNAVAILABLE";"cts_removed_keep"
"TYBE3AD2D3M3BAB314";"Süt Reçeli Glütensiz Yarım Yağlı 2 x 270 gr";"4";"399.99";"339.48";"339.00";"345.00";"402.88";"";"";"MIN_FIYATA_TOPARLA";"402.88";"[""CHANGE_TOO_SMALL""]";"Minimum fiyata güvenli toparlama";"MIN_FIYATA_TOPARLA";"402.88";"[]";"Minimum fiyata güvenli toparlama";"BUYBOX_UNAVAILABLE_MIN_PRICE_LIMIT";"cts_removed_min_recovery"
"TYBDZK1RSU1OBF8585";"Mercy Fresh 50ml Erkek Parfüm Avantajlı 2li Paket";"4";"589.80";"549.00";"549.00";"569.90";"563.62";"";"";"KORU";"589.8";"[""CHANGE_TOO_SMALL""]";"Bilinen üst sıralar minimum fiyatın altında";"KORU";"589.8";"[]";"Bilinen üst sıralar minimum fiyatın altında";"BUYBOX_UNAVAILABLE_MIN_PRICE_LIMIT";"cts_removed_keep"
"TYBM1UBLOLP5KQ9T40";"Zeytinyağlı Ton Balığı 2x140 GR";"4";"451.27";"345.00";"424.90";"429.92";"451.27";"";"";"KORU";"451.27";"[""CHANGE_TOO_SMALL""]";"Bilinen üst sıralar minimum fiyatın altında";"KORU";"451.27";"[]";"Bilinen üst sıralar minimum fiyatın altında";"BUYBOX_UNAVAILABLE_MIN_PRICE_LIMIT";"cts_removed_keep"
"TYBTQG6H91G4T4BE83";"Yasemin Kokulu Pirinç 1 Kg";"4";"270.59";"194.90";"263.81";"275.08";"270.59";"";"";"KORU";"270.59";"[""CHANGE_TOO_SMALL""]";"Bilinen üst sıralar minimum fiyatın altında";"KORU";"270.59";"[]";"Bilinen üst sıralar minimum fiyatın altında";"BUYBOX_UNAVAILABLE_MIN_PRICE_LIMIT";"cts_removed_keep"
"TYBTKIDI09B90X6K19";"Tarçın Ve Zencefilli Kurabiye 300 gr x 2";"4";"464.90";"418.60";"419.00";"425.00";"450.04";"";"";"KORU";"464.9";"[""CHANGE_TOO_SMALL""]";"Bilinen üst sıralar minimum fiyatın altında";"KORU";"464.9";"[]";"Bilinen üst sıralar minimum fiyatın altında";"BUYBOX_UNAVAILABLE_MIN_PRICE_LIMIT";"cts_removed_keep"
"TYBW0EH0BGAONRGN11";"Dudak Kremi 4 gr";"4";"285.00";"180.00";"192.28";"199.90";"230.47";"";"";"KORU";"285";"[""CHANGE_TOO_SMALL""]";"Bilinen üst sıralar minimum fiyatın altında";"KORU";"285";"[]";"Bilinen üst sıralar minimum fiyatın altında";"BUYBOX_UNAVAILABLE_MIN_PRICE_LIMIT";"cts_removed_keep"
"TYDYTRV00000XXL6E";"Tıraş Köpüğü 200 ml";"4";"401.89";"248.00";"345.00";"395.36";"401.89";"";"";"KORU";"401.89";"[""CHANGE_TOO_SMALL""]";"Bilinen üst sıralar minimum fiyatın altında";"KORU";"401.89";"[]";"Bilinen üst sıralar minimum fiyatın altında";"BUYBOX_UNAVAILABLE_MIN_PRICE_LIMIT";"cts_removed_keep"
"122816MRGREEN3";"Mikro Fiber Cam Bezi 2'li 1 Paket";"4";"170.70";"160.25";"156.00";"174.90";"174.92";"";"";"MIN_FIYATA_TOPARLA";"174.92";"[""CHANGE_TOO_SMALL""]";"Minimum fiyata güvenli toparlama";"MIN_FIYATA_TOPARLA";"174.92";"[]";"Minimum fiyata güvenli toparlama";"BUYBOX_UNAVAILABLE_MIN_PRICE_LIMIT";"cts_removed_min_recovery"
"8695077118776";"Sıvı Beyaz Sabun Yüzey Temizleyici 1000 ml";"4";"300.23";"250.00";"250.00";"249.00";"293.59";"";"";"KORU";"300.23";"[""CHANGE_TOO_SMALL""]";"Bilinen üst sıralar minimum fiyatın altında";"KORU";"300.23";"[]";"Bilinen üst sıralar minimum fiyatın altında";"BUYBOX_UNAVAILABLE_MIN_PRICE_LIMIT";"cts_removed_keep"
"8695636265958";"Tıraş Köpüğü 200 ml x 2 Adet";"4";"598.19";"339.48";"348.00";"591.65";"598.19";"";"";"KORU";"598.19";"[""CHANGE_TOO_SMALL""]";"Bilinen üst sıralar minimum fiyatın altında";"KORU";"598.19";"[]";"Bilinen üst sıralar minimum fiyatın altında";"BUYBOX_UNAVAILABLE_MIN_PRICE_LIMIT";"cts_removed_keep"
"87788999999999";"Mini Sos 4 lü 280 gr";"4";"396.95";"348.68";"338.29";"390.42";"396.95";"";"";"KORU";"396.95";"[""CHANGE_TOO_SMALL""]";"Bilinen üst sıralar minimum fiyatın altında";"KORU";"396.95";"[]";"Bilinen üst sıralar minimum fiyatın altında";"BUYBOX_UNAVAILABLE_MIN_PRICE_LIMIT";"cts_removed_keep"
"8697423360273";"Klasik 200 gr 12 Li Paket";"4";"1724.98";"1333.00";"1462.00";"1549.00";"1724.98";"";"";"KORU";"1724.98";"[""CHANGE_TOO_SMALL""]";"Bilinen üst sıralar minimum fiyatın altında";"KORU";"1724.98";"[]";"Bilinen üst sıralar minimum fiyatın altında";"BUYBOX_UNAVAILABLE_MIN_PRICE_LIMIT";"cts_removed_keep"
"TYB3E9P3VDHD33UY47";"Tarçın Ve Zencefilli Kurabiye 300 gr x 3";"4";"694.10";"556.60";"559.00";"565.00";"572.26";"";"";"KORU";"694.1";"[""CHANGE_TOO_SMALL""]";"Bilinen üst sıralar minimum fiyatın altında";"KORU";"694.1";"[]";"Bilinen üst sıralar minimum fiyatın altında";"BUYBOX_UNAVAILABLE_MIN_PRICE_LIMIT";"cts_removed_keep"
"8605077117182";"Rose kadın parfüm 50 ml";"5";"378.43";"325.00";"345.00";"372.69";"378.43";"";"";"KORU";"378.43";"[""CHANGE_TOO_SMALL""]";"Bilinen üst sıralar minimum fiyatın altında";"KORU";"378.43";"[]";"Bilinen üst sıralar minimum fiyatın altında";"BUYBOX_UNAVAILABLE_MIN_PRICE_LIMIT";"cts_removed_keep"
"8683105644403";"Sütlü Çikolata Kaplı Bademli Hurma 200 gr";"5";"454.00";"371.00";"369.00";"381.40";"453.01";"";"";"KORU";"454";"[""CHANGE_TOO_SMALL""]";"Bilinen üst sıralar minimum fiyatın altında";"KORU";"454";"[]";"Bilinen üst sıralar minimum fiyatın altında";"BUYBOX_UNAVAILABLE_MIN_PRICE_LIMIT";"cts_removed_keep"
"869505585854";"ESMER TOZ ŞEKER HARRAS 500 GR";"5";"278.49";"192.28";"193.00";"250.00";"278.49";"";"";"KORU";"278.49";"[""CHANGE_TOO_SMALL""]";"Bilinen üst sıralar minimum fiyatın altında";"KORU";"278.49";"[]";"Bilinen üst sıralar minimum fiyatın altında";"BUYBOX_UNAVAILABLE_MIN_PRICE_LIMIT";"cts_removed_keep"
"8695077024299";"Kalıcı Beyaz Sabun Parfüm Etkili Yüzey Temizleyici 1500 Ml.";"5";"293.00";"179.00";"179.90";"249.00";"270.70";"";"";"KORU";"293";"[""CHANGE_TOO_SMALL""]";"Bilinen üst sıralar minimum fiyatın altında";"KORU";"293";"[]";"Bilinen üst sıralar minimum fiyatın altında";"BUYBOX_UNAVAILABLE_MIN_PRICE_LIMIT";"cts_removed_keep"
"86950770365200";"Kürdanlı Diş Ipi 50 Adet";"5";"291.59";"249.00";"275.08";"275.00";"283.56";"";"";"KORU";"291.59";"[""CHANGE_TOO_SMALL""]";"Bilinen üst sıralar minimum fiyatın altında";"KORU";"291.59";"[]";"Bilinen üst sıralar minimum fiyatın altında";"BUYBOX_UNAVAILABLE_MIN_PRICE_LIMIT";"cts_removed_keep"
"8695077117175";"Parfüm Kadın 50 Ml Jasmine Eau De";"5";"392.40";"322.52";"340.00";"349.00";"378.43";"";"";"KORU";"392.4";"[""CHANGE_TOO_SMALL""]";"Bilinen üst sıralar minimum fiyatın altında";"KORU";"392.4";"[]";"Bilinen üst sıralar minimum fiyatın altında";"BUYBOX_UNAVAILABLE_MIN_PRICE_LIMIT";"cts_removed_keep"
"8695077172211";"Sıvı Beyaz Sabun 1 Lt";"5";"268.74";"149.00";"197.80";"239.29";"268.74";"";"";"KORU";"268.74";"[""CHANGE_TOO_SMALL""]";"Bilinen üst sıralar minimum fiyatın altında";"KORU";"268.74";"[]";"Bilinen üst sıralar minimum fiyatın altında";"BUYBOX_UNAVAILABLE_MIN_PRICE_LIMIT";"cts_removed_keep"
"86992025896";"5 Paket Fiyonk Makarna 500 Gram";"5";"399.30";"297.00";"344.00";"339.00";"399.30";"";"";"KORU";"399.3";"[""CHANGE_TOO_SMALL""]";"Bilinen üst sıralar minimum fiyatın altında";"KORU";"399.3";"[]";"Bilinen üst sıralar minimum fiyatın altında";"BUYBOX_UNAVAILABLE_MIN_PRICE_LIMIT";"cts_removed_keep"
"99865542234456";"Jasmine Edp 50 Ml Kadın Parfüm";"5";"376.08";"314.99";"335.00";"349.90";"378.43";"";"";"MIN_FIYATA_TOPARLA";"378.43";"[""CHANGE_TOO_SMALL""]";"Minimum fiyata güvenli toparlama";"MIN_FIYATA_TOPARLA";"378.43";"[]";"Minimum fiyata güvenli toparlama";"BUYBOX_UNAVAILABLE_MIN_PRICE_LIMIT";"cts_removed_min_recovery"
"TYB0ABCBM36UEAXT46";"Iri Kuru Fasulye 1 Kg";"5";"340.00";"243.00";"279.90";"345.00";"293.43";"";"";"KORU";"340";"[""CHANGE_TOO_SMALL""]";"Bilinen üst sıralar minimum fiyatın altında";"KORU";"340";"[]";"Bilinen üst sıralar minimum fiyatın altında";"BUYBOX_UNAVAILABLE_MIN_PRICE_LIMIT";"cts_removed_keep"
"TYB0UT7DV6BQYEK472";"Nuh Un Ankara Klasik Spagetti Makarna 5 X 500 G";"5";"399.30";"279.00";"337.96";"342.02";"399.30";"";"";"KORU";"399.3";"[""CHANGE_TOO_SMALL""]";"Bilinen üst sıralar minimum fiyatın altında";"KORU";"399.3";"[]";"Bilinen üst sıralar minimum fiyatın altında";"BUYBOX_UNAVAILABLE_MIN_PRICE_LIMIT";"cts_removed_keep"
"TYBAU5LJM8ONKZGU19";"Activit Bulaşık Makinesi Parlatıcı 450 ml";"5";"199.99";"138.00";"139.45";"144.90";"180.34";"";"";"KORU";"199.99";"[""CHANGE_TOO_SMALL""]";"Bilinen üst sıralar minimum fiyatın altında";"KORU";"199.99";"[]";"Bilinen üst sıralar minimum fiyatın altında";"BUYBOX_UNAVAILABLE_MIN_PRICE_LIMIT";"cts_removed_keep"
"TYBCQTSL21Y33XQ711";"Pudra Oda & Kumaş Kokusu 500 ml";"5";"395.61";"300.34";"333.00";"345.00";"395.61";"";"";"KORU";"395.61";"[""CHANGE_TOO_SMALL""]";"Bilinen üst sıralar minimum fiyatın altında";"KORU";"395.61";"[]";"Bilinen üst sıralar minimum fiyatın altında";"BUYBOX_UNAVAILABLE_MIN_PRICE_LIMIT";"cts_removed_keep"
"TYBEGNEIWNJQ724642";"Siyah Zeytin Ezmesi 175 gr";"5";"299.00";"130.00";"160.00";"169.90";"266.27";"";"";"KORU";"299";"[""CHANGE_TOO_SMALL""]";"Bilinen üst sıralar minimum fiyatın altında";"KORU";"299";"[]";"Bilinen üst sıralar minimum fiyatın altında";"BUYBOX_UNAVAILABLE_MIN_PRICE_LIMIT";"cts_removed_keep"
"TYBUWO4K4PN1FPWD65";"Çiçek Rüyası Konsantre Yumuşatıcı Parfüm Kapsüllü 1500ml X 2 Adet";"5";"538.95";"495.88";"495.88";"528.27";"508.95";"";"";"KORU";"538.95";"[""CHANGE_TOO_SMALL""]";"Bilinen üst sıralar minimum fiyatın altında";"KORU";"538.95";"[]";"Bilinen üst sıralar minimum fiyatın altında";"BUYBOX_UNAVAILABLE_MIN_PRICE_LIMIT";"cts_removed_keep"
"TYBZZOSFSH9UV6JE09";"Actisoft Sıvı Beyaz Sabun (1000 ML)";"5";"349.99";"187.30";"197.80";"245.00";"293.59";"";"";"KORU";"349.99";"[""CHANGE_TOO_SMALL""]";"Bilinen üst sıralar minimum fiyatın altında";"KORU";"349.99";"[]";"Bilinen üst sıralar minimum fiyatın altında";"BUYBOX_UNAVAILABLE_MIN_PRICE_LIMIT";"cts_removed_keep"
"1816MRGREEN2027";"Temizlik Bezi Mr.green Mikrofiber Temizlik Bezi ( 5 Adet)";"5";"328.54";"259.00";"269.00";"289.90";"320.10";"";"";"KORU";"328.54";"[""CHANGE_TOO_SMALL""]";"Bilinen üst sıralar minimum fiyatın altında";"KORU";"328.54";"[]";"Bilinen üst sıralar minimum fiyatın altında";"BUYBOX_UNAVAILABLE_MIN_PRICE_LIMIT";"cts_removed_keep"
"869507725454";"Oda Kokusu 300 Ml*3 Adet Bahar Tazeliği";"5";"543.08";"464.82";"530.00";"535.74";"543.08";"";"";"KORU";"543.08";"[""CHANGE_TOO_SMALL""]";"Bilinen üst sıralar minimum fiyatın altında";"KORU";"543.08";"[]";"Bilinen üst sıralar minimum fiyatın altında";"BUYBOX_UNAVAILABLE_MIN_PRICE_LIMIT";"cts_removed_keep"
"8695077141162";"Okaliptus Kokulu Yüzey Temizleyici 2 Adet X 1500 Ml";"5";"412.57";"345.00";"403.86";"401.48";"412.57";"";"";"KORU";"412.57";"[""CHANGE_TOO_SMALL""]";"Bilinen üst sıralar minimum fiyatın altında";"KORU";"412.57";"[]";"Bilinen üst sıralar minimum fiyatın altında";"BUYBOX_UNAVAILABLE_MIN_PRICE_LIMIT";"cts_removed_keep"
"TYB82ZP0H46AOE0579";"Karamelize Bisküvi Kreması 350 gr";"5";"399.99";"270.00";"294.90";"298.00";"395.72";"";"";"KORU";"399.99";"[""CHANGE_TOO_SMALL""]";"Bilinen üst sıralar minimum fiyatın altında";"KORU";"399.99";"[]";"Bilinen üst sıralar minimum fiyatın altında";"BUYBOX_UNAVAILABLE_MIN_PRICE_LIMIT";"cts_removed_keep"
"456654444457874";"Kadın Parfüm Rose 50 Ml";"6";"392.29";"294.90";"325.49";"345.75";"378.43";"";"";"KORU";"392.29";"[""CHANGE_TOO_SMALL""]";"Bilinen üst sıralar minimum fiyatın altında";"KORU";"392.29";"[]";"Bilinen üst sıralar minimum fiyatın altında";"BUYBOX_UNAVAILABLE_MIN_PRICE_LIMIT";"cts_removed_keep"
"TYB4E27LIKZA62IQ30";"Amber Oda & Kumaş Kokusu 500 ml";"6";"395.61";"332.00";"330.00";"331.50";"395.61";"";"";"KORU";"395.61";"[""CHANGE_TOO_SMALL""]";"Bilinen üst sıralar minimum fiyatın altında";"KORU";"395.61";"[]";"Bilinen üst sıralar minimum fiyatın altında";"BUYBOX_UNAVAILABLE_MIN_PRICE_LIMIT";"cts_removed_keep"
"TYB63UN60E3HKGG774";"Tarçın Ve Zencefil Kurabiye 300 Gr";"6";"310.72";"220.00";"220.00";"219.00";"310.72";"";"";"KORU";"310.72";"[""CHANGE_TOO_SMALL""]";"Bilinen üst sıralar minimum fiyatın altında";"KORU";"310.72";"[]";"Bilinen üst sıralar minimum fiyatın altında";"BUYBOX_UNAVAILABLE_MIN_PRICE_LIMIT";"cts_removed_keep"
"TYBLJ5FJW73RG37D24";"El Kremi 50 ml Pudra Tazeliği";"6";"189.99";"135.00";"138.90";"144.45";"184.79";"";"";"KORU";"189.99";"[""CHANGE_TOO_SMALL""]";"Bilinen üst sıralar minimum fiyatın altında";"KORU";"189.99";"[]";"Bilinen üst sıralar minimum fiyatın altında";"BUYBOX_UNAVAILABLE_MIN_PRICE_LIMIT";"cts_removed_keep"
"TYBYO4S0F9G58PZD69";"El Kremi 50 Ml Bahar Buketi";"6";"189.99";"135.00";"135.90";"144.45";"184.79";"";"";"KORU";"189.99";"[""CHANGE_TOO_SMALL""]";"Bilinen üst sıralar minimum fiyatın altında";"KORU";"189.99";"[]";"Bilinen üst sıralar minimum fiyatın altında";"BUYBOX_UNAVAILABLE_MIN_PRICE_LIMIT";"cts_removed_keep"
"8676432245532256";"Sport For Men 50 ml Erkek Parfüm Edp";"7";"391.02";"325.49";"349.90";"349.75";"378.43";"";"";"KORU";"391.02";"[""CHANGE_TOO_SMALL""]";"Bilinen üst sıralar minimum fiyatın altında";"KORU";"391.02";"[]";"Bilinen üst sıralar minimum fiyatın altında";"BUYBOX_UNAVAILABLE_MIN_PRICE_LIMIT";"cts_removed_keep"
"8695077085467";"Kadın Night Parfüm 50 Ml";"7";"392.40";"335.00";"349.90";"349.00";"378.43";"";"";"KORU";"392.4";"[""CHANGE_TOO_SMALL""]";"Bilinen üst sıralar minimum fiyatın altında";"KORU";"392.4";"[]";"Bilinen üst sıralar minimum fiyatın altında";"BUYBOX_UNAVAILABLE_MIN_PRICE_LIMIT";"cts_removed_keep"
"8683105644427";"Crispy Çıtır Çikolatalı Fındık Kreması Dolgulu Hurma 200 gr";"7";"472.06";"295.00";"286.11";"336.52";"472.06";"";"";"KORU";"472.06";"[""CHANGE_TOO_SMALL""]";"Bilinen üst sıralar minimum fiyatın altında";"KORU";"472.06";"[]";"Bilinen üst sıralar minimum fiyatın altında";"BUYBOX_UNAVAILABLE_MIN_PRICE_LIMIT";"cts_removed_keep"
"869507703644";"Yağ çözücü sprey hızlı etkili 750ml X 4 Adet";"7";"730.64";"469.90";"518.00";"551.08";"730.64";"";"";"KORU";"730.64";"[""CHANGE_TOO_SMALL""]";"Bilinen üst sıralar minimum fiyatın altında";"KORU";"730.64";"[]";"Bilinen üst sıralar minimum fiyatın altında";"BUYBOX_UNAVAILABLE_MIN_PRICE_LIMIT";"cts_removed_keep"
"66001009";"Ankara Makarna Burgu 500gr 5 Adet";"8";"451.77";"265.00";"284.05";"297.00";"451.77";"";"";"KORU";"451.77";"[""CHANGE_TOO_SMALL""]";"Bilinen üst sıralar minimum fiyatın altında";"KORU";"451.77";"[]";"Bilinen üst sıralar minimum fiyatın altında";"BUYBOX_UNAVAILABLE_MIN_PRICE_LIMIT";"cts_removed_keep"
"86950778895568";"Cam Bezi Mikrofiber 2 Li";"8";"350.00";"192.28";"199.00";"219.00";"288.59";"";"";"KORU";"350";"[""CHANGE_TOO_SMALL""]";"Bilinen üst sıralar minimum fiyatın altında";"KORU";"350";"[]";"Bilinen üst sıralar minimum fiyatın altında";"BUYBOX_UNAVAILABLE_MIN_PRICE_LIMIT";"cts_removed_keep"